nombre_final,total_docs,riesgo_cronico,riesgo_agudo,microbiota,beneficio,evidencia_humana
Dicalcium citrate,-0.39661610709146955,-1.1045778570668279,-0.35743676782955225,-0.7872651323057321,-0.5020068168081552,-0.47725094164636456
Butylated hydroxytoluene,1.0014150969313624,1.4110039559734282,1.0609010400559211,0.2943702743368159,1.5148751596038625,0.9392895764589776
Magnesium citrate,0.37859946794406235,0.4811108343571888,0.325111844316942,-0.13605572876250271,0.294828233411043,0.7432531660099965
Potassium ascorbate,-0.8447912182046049,-0.5221835199119695,-0.9705322375809257,-0.7872651323057321,-0.43445586900741484,-0.8520729310695998
lipase,1.8576044140752874,1.9827152457644404,2.092621940747248,2.378526714263538,1.7916571054147454,1.9921174141270621
Potassium carbonates,-0.705523407052714,-1.1045778570668279,-0.9705322375809257,-0.7872651323057321,-0.774986907795104,-1.226894920492835
Propylene glycol,1.211496485345193,1.1998267593644487,1.525020802621784,1.1736461434143692,1.339471861915054,1.3084986455294811
Aluminium ammonium sulphate,-1.1536985181658492,-1.1045778570668279,-0.9705322375809257,-0.7872651323057321,-1.2416494556514401,-1.226894920492835
sodium alginate,1.2933165537374576,1.2967186861773867,1.4956163643221392,1.5340629382720712,1.391587820867464,1.254521921655288
Alkannin,-0.017487367958558105,0.3252268894488299,0.46225043390003134,-0.4616604305341174,0.2841408001630023,-0.013889525190826488
Citrus Red 2,-1.0017510424575735,-0.7070318748913621,-0.4424405442151025,-0.7872651323057321,-1.2416494556514401,-0.7539222296529046
Monoammonium glutamate,-1.2258385980141409,-0.8537542684995382,-0.9705322375809257,-0.7872651323057321,-1.2416494556514401,-0.8520729310695998
Starch aluminium octenyl succinate,-1.3188433366918477,-0.8537542684995382,-0.9705322375809257,-0.4616604305341174,-1.2416494556514401,-1.226894920492835
Ammonium phosphate,0.6586012605845123,0.33888367802685904,0.13051914002915097,0.3391420681799595,0.5351004928693242,0.6514013083199044
Lysozyme,1.6756986853482487,1.8570862278334148,2.016587520771811,2.340926789324104,1.6288076663297069,1.7004027925125231
Calcium hydrogen carbonate,-0.8447912182046049,-1.1045778570668279,-0.9705322375809257,-0.7872651323057321,-1.2416494556514401,-0.5629938146786809
Erythritol,0.9087120754991913,0.6092721365715711,0.7519872024945793,1.3317034007070772,0.9066349247504706,0.8474425680390707
Calcium aluminium silicate,-1.0947557811352802,-1.1045778570668279,-0.9705322375809257,-0.7872651323057321,-1.2416494556514401,-1.226894920492835
Erythorbin acid,3.2189112450475807,3.6697569515986244,3.7099792052710474,4.388154555275229,3.2875351854288293,3.430310828682916
Green s,1.2727521178100942,1.4033044751364538,1.1919569222530515,1.6649880820739502,0.8503484132539142,1.3884890337880689
Acetylated distarch adipate,-0.8987981340917442,-0.7070318748913621,-0.9705322375809257,-0.4616604305341174,-1.008318181723272,-0.8520729310695998
Nitrogen oxide,0.7978215255924648,0.9618083837204546,1.0496961842311372,0.5436319871221417,1.0127455363129705,0.8700954224812578
Violaxanthin,0.6276933327854755,0.0880600894595694,0.10874534912195968,-0.27119388993922744,0.9597443677416918,0.1403177097168288
Calcium guanylate,0.8704557438711211,0.8616793685739383,0.636837042487783,-0.27119388993922744,1.0870292259800343,0.7943289150161397
Maltol,0.42289724558104913,0.4625497429633949,0.5827552271211667,0.24487735242727746,0.48119967322041396,0.4590831656491038
Potassium nitrite,-0.3195402060997483,-0.1764202876857494,-0.9705322375809257,-0.7872651323057321,-0.18616098175166124,-0.32650746925871565
Sorbitan tristearate,-0.6897500346282609,-0.7070318748913621,-0.706486390898014,-0.7872651323057321,-0.8718281362297977,-0.9904085750728697
Sodium benzoate,0.7522590506377832,0.7250850964075796,0.9836392393703531,0.743220140315051,0.8366066737607157,0.8068670384862248
Potassium phosphates,-0.4734529766452212,-0.6029306799322486,-0.9705322375809257,-0.7872651323057321,-0.3782211421231877,-0.5174358842329394
Red iron oxide,-0.5854006229888767,-0.7070318748913621,-0.5520294721173432,-0.4616604305341174,-0.6384968623016296,-0.6155865856496346
Sodium pectate,-0.7776634869010058,-0.8537542684995382,-0.9705322375809257,-0.7872651323057321,-1.008318181723272,-0.9904085750728697
Chlorophylls and Chlorophyllins,0.37859946794406235,0.8663891350246313,0.3727911958048713,0.18954897300911197,0.840095055980632,0.44158303858451264
Alkaline modified starch,0.5001224515239888,0.24794254960845943,-0.057083686796205145,0.05441081183238732,0.4688827185805528,0.20765234315007874
Calcium iodate,-0.7985281457304209,-1.1045778570668279,-0.9705322375809257,-0.7872651323057321,-0.8718281362297977,-0.6777906310049805
Sodium acetate,1.0681927578107973,1.0162176588406477,0.9173287941573964,1.4250286195695214,0.9360675720060344,1.0076997099820166
Sorbitan monopalmitate,-0.37848294313031716,-0.5221835199119695,-0.4424405442151025,-0.7872651323057321,-0.4051655883734614,-0.37910024022966937
calcium peroxide,0.35333417315572685,0.6338145533579979,0.3121974674470276,0.4848368149317058,0.42183523288678265,0.34428634932280455
Calcium bisulphite,0.08963708222281971,0.579513298196028,-0.057083686796205145,-0.4616604305341174,-0.008399822701545255,0.34428634932280455
Calcium hydroxide,1.2068204535715086,0.9131459438002608,1.4763242605866689,0.9214847406281181,1.1026587660762859,1.4703910829124598
Soybean hemicellulose,-1.3188433366918477,-0.8537542684995382,-0.9705322375809257,-0.7872651323057321,-1.2416494556514401,-0.9904085750728697
Magnesium Gluconate,-0.45805530444332515,-0.8537542684995382,-0.9705322375809257,-0.7872651323057321,-0.6998710153017675,-0.32650746925871565
Phosphoric acid,1.3420774214739317,1.0580361211023492,1.0118697549117646,0.7609485947937822,1.2099163754022746,1.4591410432081178
Beetroot red,-0.8987981340917442,-0.8537542684995382,-0.9705322375809257,-0.7872651323057321,-0.6384968623016296,-0.8520729310695998
flavin mononucleotide,1.0343390136627755,0.8977452388476144,0.5891576909998535,0.7056202153756169,0.8932726958631744,0.8604632739387158
Oxygen,2.7535206808728736,3.1568826089794615,3.2692791981701586,3.3297072840455018,2.90296665813505,3.0027280106262437
Quillaia extract,-0.9296109626092816,-0.5221835199119695,-0.9705322375809257,-0.7872651323057321,-1.2416494556514401,-0.9904085750728697
Dipotassium tartrate,-1.0017510424575735,-0.8537542684995382,-0.9705322375809257,-0.7872651323057321,-1.2416494556514401,-0.8520729310695998
carotene,1.5664231844406082,1.9580701979601562,1.700989401560877,1.5505470256958862,2.0214980709287973,1.8457575828939814
Tocopherol-rich extract,-1.0017510424575735,-0.8537542684995382,-0.706486390898014,-0.7872651323057321,-0.5866057553192263,-0.9904085750728697
Gardenia Blue,-0.563839968185315,-0.40042702113429596,-0.706486390898014,-0.7872651323057321,-0.6384968623016296,-0.7539222296529046
Potassium malate,-0.8208328515071216,-1.1045778570668279,-0.9705322375809257,-0.7872651323057321,-0.8718281362297977,-1.226894920492835
Sodium fumarate,-0.5535759313444382,-0.7070318748913621,-0.706486390898014,-0.27119388993922744,-0.774986907795104,-0.5629938146786809
Brilliant black bn,-0.7985281457304209,-0.7070318748913621,-0.9705322375809257,-0.4616604305341174,-0.8718281362297977,-0.6777906310049805
Rubixanthin,-0.6897500346282609,-0.8537542684995382,-0.9705322375809257,-0.7872651323057321,-0.25047511738513284,-0.9904085750728697
Sodiumglycinate,-1.4499261535707086,-1.1045778570668279,-0.9705322375809257,-0.7872651323057321,-1.2416494556514401,-1.226894920492835
Magnesium silicates,0.44016906798882927,0.33888367802685904,0.1511153793539211,0.18954897300911197,0.4495187043993717,0.3231758427708558
Alpha-Amylase,1.4819001238334328,1.3990346681059334,1.7114730340190338,1.9644889413713895,1.6445644511342514,1.602081160391964
Hydrogenated poly-1-decene,-1.1536985181658492,-0.8537542684995382,-0.9705322375809257,-0.7872651323057321,-1.2416494556514401,-0.9904085750728697
Calcium stearoyl-2-lactylate,-1.0947557811352802,-1.1045778570668279,-0.9705322375809257,-0.7872651323057321,-1.2416494556514401,-0.9904085750728697
Sulphite ammonia caramel,-0.8706682255787126,-0.4562082863240725,-0.706486390898014,-0.4616604305341174,-1.008318181723272,-0.7539222296529046
Carotenoids,1.7123042093412546,1.9695683884192055,1.9189867865304673,1.968498197190023,2.220364184287524,1.841037658321064
Magnesium hydroxide carbonate,0.49306001036552,-0.12463753773650373,0.08565114915072067,-0.031234427434799022,0.36712715656376527,0.6254766130335243
Calcium inosinate,0.39242920722887925,0.27290844443896195,0.13051914002915097,-0.27119388993922744,0.3782562981441506,0.23691406822744843
Ammonium acetate,1.150198208011344,1.1563511047165718,0.8303076910789742,0.41761543854343625,0.9744964130453562,1.2269170524364015
Polyoxyethylene sorbitan monopalmitate,-1.0449204070636893,-0.8537542684995382,-0.706486390898014,-0.7872651323057321,-1.008318181723272,-0.7539222296529046
Lanolin,0.4817578354875258,0.21172615439610523,1.0841034763209914,-0.27119388993922744,0.4382592644346301,0.6101746010223202
Polyvinylpyrrolidone-vinyl acetate copolymer,-0.5854006229888767,-0.7070318748913621,-0.5520294721173432,-0.7872651323057321,-0.5020068168081552,-0.7539222296529046
Desconocido,0.14995845675892358,0.6595705400905126,0.223895509128756,-0.7872651323057321,-0.5416556338669358,0.28480086558448453
synthetic magnesium silicates,-0.1456964769813291,0.19216128441868285,-0.35743676782955225,-0.7872651323057321,-0.25047511738513284,-0.1571342852241228
Ferrous lactate,-0.4656624790716933,-1.1045778570668279,-0.4424405442151025,-0.4616604305341174,-0.4051655883734614,-0.24076459622639948
Sodium stearoyl fumarate,-1.4499261535707086,-1.1045778570668279,-0.9705322375809257,-0.7872651323057321,-1.2416494556514401,-0.9904085750728697
sodium thiosulfate,0.8210726674957393,1.1317350039658576,1.0381517361096697,0.4524275316295236,1.183953767339737,0.9308351837100682
Pectin,1.4205609596229574,1.3417589680368323,1.521741548796869,2.31492617688848,1.4982968058299033,1.3023805315952133
Bleached starch,-0.1917395494435347,-0.8537542684995382,-0.9705322375809257,-0.4616604305341174,-0.21678443589758375,-0.8520729310695998
Ammonium phosphatides,-1.0017510424575735,-1.1045778570668279,-0.9705322375809257,-0.4616604305341174,-0.8718281362297977,-1.226894920492835
Peonidin,0.5066537848762365,0.5072809297910453,0.6077437006803788,0.4848368149317058,0.7579658708208763,0.5371588019088349
Bone phosphate,-0.6207036626480372,-0.8537542684995382,-0.9705322375809257,-0.7872651323057321,-1.008318181723272,-0.6155865856496346
Paprika extract,-0.6333833272044223,-0.6029306799322486,-0.706486390898014,-0.27119388993922744,-0.3782211421231877,-0.5629938146786809
Sodium adipate,-1.3188433366918477,-1.1045778570668279,-0.9705322375809257,-0.7872651323057321,-1.2416494556514401,-1.226894920492835
Ammonium sulphate,0.9308559004538975,0.8216168998222145,0.795010455464902,0.2943702743368159,0.645408551944224,0.7794116678886305
Tara gum,-0.21927021773842478,-0.5221835199119695,-0.5520294721173432,-0.031234427434799022,-0.17183431444529323,-0.2809495388129742
Anoxomer,-1.3188433366918477,-1.1045778570668279,-0.9705322375809257,-0.7872651323057321,-0.8718281362297977,-1.226894920492835
Sodium ascorbate,0.613251179412188,0.8905222056731029,0.42505626635829624,-0.13605572876250271,1.0094043091623268,0.7236273144502194
Disodium citrate,-0.7395854086998518,-1.1045778570668279,-0.9705322375809257,-0.7872651323057321,-0.8718281362297977,-0.6155865856496346
Riboflavin,1.4752961876382087,1.5168324188772895,1.4643895416136732,1.847774643073582,1.4419727693113362,1.6657637678783859
Amaranth,0.8013564645992113,0.6426051543977475,0.7799218441309599,0.9214847406281181,0.8111201157648492,0.7291931422526303
Glycerol esters of wood rosin,-1.2258385980141409,-1.1045778570668279,-0.9705322375809257,-0.7872651323057321,-1.2416494556514401,-1.226894920492835
Mannitol,1.6221209969445094,1.7335285613138938,1.819139085991112,2.705796207931924,1.7085050145711542,1.7493879109196797
Ammonium carbonates,1.4327561932270818,1.1673801320484345,0.8269215564848599,1.979025210018739,1.318522379386936,1.1784495090041773
Aluminium sodium sulphate,-1.4499261535707086,-1.1045778570668279,-0.9705322375809257,-0.7872651323057321,-1.2416494556514401,-1.226894920492835
Ammonium alginate,-0.8208328515071216,-1.1045778570668279,-0.9705322375809257,-0.7872651323057321,-1.2416494556514401,-1.226894920492835
Ammonium polyphosphate,0.20467009228233718,-0.8537542684995382,-0.9705322375809257,-0.4616604305341174,0.1787460040878876,-0.9904085750728697
Thaumatin,0.5279935209478323,0.14954008576962022,0.82005762963808,0.5151536747807267,0.2768225582090262,0.30833969326145505
Monopotassium citrate,-0.7221060164582147,-1.1045778570668279,-0.9705322375809257,-0.7872651323057321,-0.6998710153017675,-0.6777906310049805
Polyglycitol syrup,-1.4499261535707086,-1.1045778570668279,-0.9705322375809257,-0.7872651323057321,-1.2416494556514401,-1.226894920492835
Acetylated distarch glycerol,-1.6740137091272762,-1.1045778570668279,-0.9705322375809257,-0.7872651323057321,-1.2416494556514401,-1.226894920492835
Dicalcium diphosphate,-0.563839968185315,-0.8537542684995382,-0.5520294721173432,-0.7872651323057321,-0.6384968623016296,-0.6155865856496346
Hydroxy propyl distarch glycerine,-1.6740137091272762,-1.1045778570668279,-0.9705322375809257,-0.7872651323057321,-1.2416494556514401,-1.226894920492835
Pectins,1.2892867102827952,1.2179841775438804,1.3968458650390179,2.0741172597429243,1.3452476387814942,1.1828594499073093
Extracts of rosemary,-0.48143585149614637,-0.2713599313446798,-0.4424405442151025,-0.27119388993922744,-0.10813056133949375,-0.47725094164636456
E101a food additive,-1.4499261535707086,-1.1045778570668279,-0.9705322375809257,-0.7872651323057321,-1.008318181723272,-1.226894920492835
Advantame,-0.48962084576917647,-0.35210709136495905,-0.5520294721173432,0.05441081183238732,-0.774986907795104,-0.2809495388129742
Monosodium tartrate,-0.5967452959505541,-0.6029306799322486,-0.5520294721173432,-0.7872651323057321,-0.5020068168081552,-0.47725094164636456
Calcium benzoate,-1.0017510424575735,-1.1045778570668279,-0.9705322375809257,-0.7872651323057321,-1.008318181723272,-0.9904085750728697
Dipotassium guanylate,-1.6740137091272762,-1.1045778570668279,-0.9705322375809257,-0.7872651323057321,-1.2416494556514401,-1.226894920492835
Natamycin,0.6670476337300649,0.29626247937779626,0.6532829474744848,0.3391420681799595,0.45172609507483613,0.7557366687160285
Magnesium trisilicate,0.3956621342213811,0.11391836932276252,-0.09339092114664052,-0.13605572876250271,0.38636815745222686,0.502502044086317
Ethyl methyl cellulose,-1.4499261535707086,-0.8537542684995382,-0.9705322375809257,-0.7872651323057321,-1.2416494556514401,-0.9904085750728697
Metatartaric acid,-0.8208328515071216,-1.1045778570668279,-0.706486390898014,-0.7872651323057321,-0.774986907795104,-0.9904085750728697
Silicon dioxide,1.8002215751812316,2.071350601643742,1.8933813406962359,1.679981321442484,1.7382903043517048,1.82259820175676
Triphosphates,1.1152806354342986,1.4127312239181762,0.6478794861874989,0.12682282985790874,0.8215474144964787,1.0187451314535174
Pelargonidin,0.5543084423816188,0.5963471216450744,0.73070023291061,0.6856279093416338,0.8042421628857548,0.525324863782185
Vegetable carbon,-0.7985281457304209,-0.5221835199119695,-0.706486390898014,-0.7872651323057321,-0.5416556338669358,-0.8520729310695998
Ponceau 6R,-0.9636729642564194,-1.1045778570668279,-0.9705322375809257,-0.7872651323057321,-1.2416494556514401,-0.9904085750728697
Litholrubine bk,-1.3188433366918477,-1.1045778570668279,-0.9705322375809257,-0.7872651323057321,-1.2416494556514401,-1.226894920492835
Sodium orthophenyl phenol,-1.6740137091272762,-1.1045778570668279,-0.9705322375809257,-0.7872651323057321,-1.2416494556514401,-1.226894920492835
Agar,2.035801315130902,2.370867319193858,1.9758523053478065,2.5639631834803147,1.7952539192258008,2.221178924535262
Desconocido,0.14995845675892358,0.6595705400905126,0.223895509128756,-0.7872651323057321,-0.5416556338669358,0.28480086558448453
Ethyl cellulose,0.7810110981842933,0.5545474033655257,0.9252929371984009,0.4524275316295236,0.8330817633142127,0.6609740554976864
Triammonium citrate,-0.7395854086998518,-1.1045778570668279,-0.9705322375809257,-0.7872651323057321,-1.008318181723272,-0.9904085750728697
potassium lactate,0.079818409834697,-0.35210709136495905,-0.2879836254344315,-0.27119388993922744,-0.18616098175166124,0.2765793188966694
Boric acid,0.9848628163410373,0.9557671424493237,0.9627924655850056,0.6647467699515743,0.8830437769268138,0.9475395250346572
Propane-1‚2-diol esters of fatty acids,-1.4499261535707086,-0.8537542684995382,-0.9705322375809257,-0.7872651323057321,-1.2416494556514401,-1.226894920492835
Potassium gluconate,-0.1235825590562122,-0.35210709136495905,-0.4424405442151025,-0.27119388993922744,-0.2879165437684488,-0.37910024022966937
Calcium ferrocyanide,-0.19840555890900977,-0.20538469775678286,-0.22926183024678634,-0.7872651323057321,0.08190477565319369,-0.4087865797710257
Azodicarbonamide,-0.06732274203014889,0.20207593057416998,-0.023937778751519912,-0.7872651323057321,-0.35327448139105805,-0.18817182525544573
Potassium hydrogen sulphate,0.33316139223715785,0.5316853629924394,-0.17839469753219098,-0.4616604305341174,0.20721020854831376,0.09387245061026092
Sodium phosphates,-0.3503530346172857,-0.7070318748913621,-0.5520294721173432,-0.4616604305341174,-0.6998710153017675,-0.3029686415817453
Fatty acid methyl ester,0.6043781694936471,0.2211256944897163,0.40500228710171376,0.7945163208249533,0.34065384527042614,0.3231758427708558
D-Maltitol,-1.3188433366918477,-1.1045778570668279,-0.9705322375809257,-0.7872651323057321,-1.008318181723272,-0.9904085750728697
Hydrogen,2.6918027104241538,2.8820748057101353,2.815294073630546,3.25869974282068,2.707162517550073,2.6746807490680893
Calcium disodium ethylenediaminetetraacetate,-0.48962084576917647,-0.8537542684995382,-0.9705322375809257,-0.7872651323057321,-0.3782211421231877,-0.6155865856496346
Ascorbyl stearate,-0.6897500346282609,-0.23687080407707362,-0.5520294721173432,-0.7872651323057321,-0.2879165437684488,-0.4413042855850152
Orcein,0.4981760879982174,0.7319344229244785,0.48794135581166764,-0.4616604305341174,0.13095514112084203,0.672899926353444
Propyl para-hydroxybenzoate,-1.2258385980141409,-0.8537542684995382,-0.706486390898014,-0.7872651323057321,-0.8718281362297977,-1.226894920492835
L(+)-tartaric acid,0.24296319543663034,-0.10128350279766943,-0.057083686796205145,-0.4616604305341174,0.024467812234719125,-0.05529514055636728
Potassium silicate,-0.07412909879764408,-0.6029306799322486,-0.706486390898014,-0.27119388993922744,-0.035344268951818955,-0.6777906310049805
Biphenyl,1.7020622645974943,2.0220162580341654,1.9791705983995336,1.5788347321152154,1.9066555018015028,1.8585717317244503
Azodicarbonamide and Carbamide,-0.8208328515071216,-0.4562082863240725,-0.9705322375809257,-0.7872651323057321,-1.008318181723272,-1.226894920492835
concentrated tocopherol,1.2616816905923844,1.544202720875313,1.377306318856668,1.1119512812230083,1.7722468595304781,1.5180802054881886
Cellulose,2.0912635325736777,2.097308984293917,2.1166240791380977,2.711303284938862,1.9590384899050473,1.9643359199840764
Rebaudioside from multiple gene donors expressed in Yarrowia lipolityca,-1.6740137091272762,-1.1045778570668279,-0.9705322375809257,-0.7872651323057321,-1.2416494556514401,-1.226894920492835
Propane,1.3328486707714122,1.5564544257857327,1.1840478983623457,1.1036369351727533,1.2172395927600723,1.2432084682638695
Plant carotenes,1.627625975499316,1.677249891307154,1.852117327821129,1.6083883939270853,1.9859963934618547,1.5722626793550292
Disodium inosinate,-0.6897500346282609,-0.8537542684995382,-0.9705322375809257,-0.7872651323057321,-1.008318181723272,-0.4087865797710257
Mineral oil medium viscosity,-0.563839968185315,-0.6029306799322486,-0.4424405442151025,-0.7872651323057321,-0.5866057553192263,-0.5629938146786809
Sodium propyl para-hydroxybenzoate,-0.30051766054569456,-0.8537542684995382,-0.35743676782955225,-0.7872651323057321,-0.11994320746289,-0.4087865797710257
Chlorine dioxide,0.7639655067526309,0.7602022746526836,0.3727911958048713,0.6856279093416338,0.5860087498928461,0.8059865794742985
Dimethyl dicarbonate,-0.5246052161022624,-0.8537542684995382,-0.5520294721173432,-0.4616604305341174,-0.5020068168081552,-0.7539222296529046
Calcium hydrogen malate,-0.09059105509290835,-0.5221835199119695,-0.706486390898014,-0.27119388993922744,-0.035344268951818955,-0.37910024022966937
Processed eucheuma seaweed,-0.8706682255787126,-0.6029306799322486,-0.5520294721173432,-0.4616604305341174,-1.008318181723272,-0.7539222296529046
Acetylated distarch phosphate,-0.608502591820991,-0.7070318748913621,-0.9705322375809257,-0.4616604305341174,-0.6998710153017675,-0.9904085750728697
Calcium sorbate,-1.0449204070636893,-0.6029306799322486,-0.9705322375809257,-0.7872651323057321,-1.2416494556514401,-0.8520729310695998
Sodium sulphite,-0.07184435426986148,-0.2713599313446798,-0.2879836254344315,-0.27119388993922744,-0.11994320746289,-0.2809495388129742
Talc,1.0047729207106582,1.505810390741709,1.2196279209738101,0.12682282985790874,0.7205244444375604,1.1639419837522926
Propylene Glycol,1.211496485345193,1.1998267593644487,1.525020802621784,1.1736461434143692,1.339471861915054,1.3084986455294811
isomalt,-0.07184435426986148,-0.4562082863240725,-0.09339092114664052,-0.27119388993922744,-0.17183431444529323,0.014168278190323803
Anionic methacrylate copolymer,-1.2258385980141409,-0.7070318748913621,-0.9705322375809257,-0.7872651323057321,-1.2416494556514401,-1.226894920492835
Glutamic acid,1.9276262689657546,2.0517329954512813,2.0533844971655872,2.0523657681539422,1.96520483307565,1.996880501821379
Sorbitan monooleate,0.35210958833877615,0.3770096393980754,0.3121974674470276,-0.031234427434799022,0.32499400445208887,0.2461356479061091
Erythrosine,0.52513252877957,0.5432969029836741,0.5628757098019487,-0.13605572876250271,0.36712715656376527,0.559662188190821
Hydrochloric acid,1.4528869203264705,1.348817887346943,1.5077657468457542,1.180818012318079,1.3875173254202013,1.3956086965019407
Formaldehyde,1.7619555922929362,2.120409580366925,2.1701449405900877,1.403377400845465,1.6583367222017107,1.8798998389381019
Sodium hydrogen malate,0.006608422760176787,-0.35210709136495905,-0.023937778751519912,-0.4616604305341174,0.10114577654165548,-0.4087865797710257
Lecithin citrate,-0.12897085053959811,-0.30948589271589627,-0.2879836254344315,-0.27119388993922744,-0.07499308601059948,-0.18817182525544573
Carrageenan,1.4482703184637538,1.6864238860642038,2.50635263889213,1.5340629382720712,1.8277440992717053,1.3266045928380858
calcium lactate,0.42240404944401466,0.3709277828345327,0.10874534912195968,-0.27119388993922744,0.301769218941156,0.5990396092695855
Leucine,2.0466133726867843,2.440649553024347,2.3045722188442475,2.401313430982129,1.902364969927006,2.181074048133671
Annatto,0.20370070623330608,0.29626247937779626,0.4347007722191826,0.24487735242727746,0.6129531961431198,0.28480086558448453
Magnesium diglutamate,-1.1536985181658492,-0.6029306799322486,-0.9705322375809257,-0.7872651323057321,-1.008318181723272,-0.8520729310695998
Sodium gluconate,0.6038154365315008,0.3888750285385236,0.41516122603683275,-0.27119388993922744,0.3642864150490102,0.7915811604772358
Basic methacrylate copolymer,-1.2258385980141409,-0.7070318748913621,-0.9705322375809257,-0.7872651323057321,-1.008318181723272,-0.9904085750728697
Hydroxypropyl distarch phosphate,-0.5436277616563159,-0.7070318748913621,-0.9705322375809257,-0.4616604305341174,-0.774986907795104,-0.8520729310695998
Polyglycerol polyricinoleate,-0.051977284962845295,-0.30948589271589627,-0.5520294721173432,-0.27119388993922744,0.2376358220351299,-0.3029686415817453
Trisodium phosphate,0.10050499650035545,-0.2713599313446798,-0.4424405442151025,-0.13605572876250271,-0.21678443589758375,-0.013889525190826488
Orange GGN,-1.1536985181658492,-1.1045778570668279,-0.9705322375809257,-0.7872651323057321,-1.2416494556514401,-1.226894920492835
Spiramycin,0.735835598239599,0.5996219127496357,0.8023364049681696,0.41761543854343625,0.41454341264874844,0.8474425680390707
Sulphuric acid,0.7660181486014129,0.5114643514982282,0.17065492553627093,-0.031234427434799022,0.5385180437640382,0.5614721535910246
ammonium malate,-0.9636729642564194,-1.1045778570668279,-0.9705322375809257,-0.7872651323057321,-1.2416494556514401,-1.226894920492835
Tragacanth,0.3629673627296903,0.17147782947832158,0.3614190786673774,-0.27119388993922744,0.41207727801605576,0.25951687974043836
Pullulan,0.8177479477767827,0.930540069731363,0.795010455464902,0.7056202153756169,0.822280006454348,0.7368358418122325
Monopotassium glutamate,-0.5854006229888767,-0.5221835199119695,-0.9705322375809257,-0.7872651323057321,-1.008318181723272,-0.32650746925871565
Helium,1.4635473397081185,1.4092684037382675,1.487896397489103,0.5958800388565033,1.0819923359208958,1.446159891847706
Octyl gallate,0.05771709507138988,0.23028724578989934,0.33760272182853346,-0.13605572876250271,0.36712715656376527,0.07185334784148985
Methyl glucoside-coconut oil ester,0.7752628389608003,0.8072125325350595,0.7519872024945793,-0.13605572876250271,0.7785820595585299,0.4871409690302543
Sodium nitrate,0.7101301430080822,1.274186849497672,0.534645194260537,0.743220140315051,0.7462481246290716,0.5974188096523738
Dicalcium phosphate,0.5825750774795289,0.01395278449021604,0.5419013685765821,-0.031234427434799022,0.44054148247648195,0.5941539265770988
Neutral methacrylate copolymer,-1.3188433366918477,-0.7070318748913621,-0.9705322375809257,-0.7872651323057321,-1.008318181723272,-0.9904085750728697
Mineral oil high viscosity,1.215639369239872,1.3545294684502578,1.3600812310335766,1.1736461434143692,1.1665160843776492,1.1946303142569408
Zinc acetate,0.6764057810836723,0.6060839049572835,0.5272481145855422,0.41761543854343625,0.7535071848192204,0.694348838290103
Sodium ferrocyanide,-0.4292994712330726,-0.7070318748913621,-0.9705322375809257,-0.7872651323057321,-0.33004969588012495,-0.7539222296529046
white and yellow beeswax,-0.48143585149614637,-0.6029306799322486,-0.35743676782955225,-0.7872651323057321,-0.3782211421231877,-0.5174358842329394
Oligoesters of sucrose type I,-1.4499261535707086,-1.1045778570668279,-0.9705322375809257,-0.7872651323057321,-1.2416494556514401,-1.226894920492835
Dehydroacetic acid,0.008389639415549623,-0.1764202876857494,-0.13352670665376049,-0.7872651323057321,-0.23320846744543122,-0.11530510968279677
Polyoxyethylene sorbitan monostearate,-0.7221060164582147,-0.40042702113429596,-0.5520294721173432,-0.7872651323057321,-0.8718281362297977,-1.226894920492835
Copper complexes of chlorophyllins,-1.4499261535707086,-0.8537542684995382,-0.9705322375809257,-0.7872651323057321,-1.2416494556514401,-1.226894920492835
ammonium persulfate,0.50892781539036,0.3709277828345327,0.7081529643090982,-0.7872651323057321,0.3727377176366105,0.39785252374370844
Partially hydrolyzed lecithin,-0.7776634869010058,-1.1045778570668279,-0.9705322375809257,-0.7872651323057321,-0.8718281362297977,-0.8520729310695998
Monopotassium phosphate,-0.2782129547689939,-0.40042702113429596,-0.706486390898014,-0.7872651323057321,-0.21678443589758375,-0.37910024022966937
Alitame,-0.4028937801677567,-0.7070318748913621,-0.4424405442151025,-0.7872651323057321,-0.6384968623016296,-0.2809495388129742
Cross-linked sodium carboxymethylcellulose,-0.9636729642564194,-1.1045778570668279,-0.9705322375809257,-0.7872651323057321,-1.008318181723272,-0.8520729310695998
Calcium formiate,-1.0449204070636893,-1.1045778570668279,-0.9705322375809257,-0.7872651323057321,-1.2416494556514401,-1.226894920492835
Stearyl citrate,-0.9636729642564194,-0.8537542684995382,-0.9705322375809257,-0.4616604305341174,-1.2416494556514401,-0.7539222296529046
Monostarch phosphate,-1.0947557811352802,-0.8537542684995382,-0.9705322375809257,-0.4616604305341174,-1.008318181723272,-1.226894920492835
DL-Alpha-tocopherol,0.31647605868575446,0.49876613817574894,0.17065492553627093,-0.13605572876250271,0.7987937639424801,0.3889902676135591
Chlorophylls,0.9849494544241302,0.6540033233992215,0.5490219054927337,0.5704820541988921,1.1995795280900337,0.5504654675363818
Enzymatically produced steviol glycosides,-0.6747105785351766,-0.7070318748913621,-0.9705322375809257,-0.27119388993922744,-1.008318181723272,-0.8520729310695998
Sodium acetates,-1.0017510424575735,-0.8537542684995382,-0.9705322375809257,-0.4616604305341174,-1.008318181723272,-0.9904085750728697
Polyoxyethylene sorbitan monolaurate,-0.4656624790716933,-1.1045778570668279,-0.706486390898014,-0.7872651323057321,-0.6384968623016296,-0.5629938146786809
Polydextrose,0.24210223619243318,0.1261860508307859,0.3614190786673774,1.3989247770953466,0.5082991394466165,0.5172012019545378
Titanium dioxide,1.5964058857164827,1.7322481363387408,1.6669384677864643,1.6775154454990515,2.06385096468247,1.5395863361594588
Sucrose esters of fatty acids,-0.6897500346282609,-0.8537542684995382,-0.706486390898014,-0.4616604305341174,-0.6384968623016296,-0.6155865856496346
Aluminium stearate,-0.9636729642564194,-1.1045778570668279,-0.706486390898014,-0.7872651323057321,-0.8718281362297977,-1.226894920492835
Potassium carbonate,0.5412478261487744,0.35844854800428144,0.08565114915072067,-0.27119388993922744,0.45391910525296736,0.23691406822744843
Alanin,0.20370070623330608,0.2211256944897163,0.17065492553627093,-0.27119388993922744,0.06843794501298767,0.33389434764629433
Algal carotenes,0.5308294163702881,0.4003636743369097,0.46225043390003134,0.7247962774361342,0.8712311308034175,0.31583840561580767
ethyl acetate,1.5715868305393637,1.8785427128164578,1.972840924973367,1.6573081024786918,1.7664068590268853,1.6327989044294244
saffron,0.9008306241044555,1.189756907567567,1.3765034995214296,1.1119512812230083,1.1832032076714252,1.0800027748766965
Acetic acid,1.8920344021377509,2.1088674570459576,2.333209308833052,2.9326680359396367,1.9586633913945417,1.8881673633468645
Polyoxyethylene (8) stearate,-1.3188433366918477,-0.7070318748913621,-0.9705322375809257,-0.7872651323057321,-1.2416494556514401,-0.9904085750728697
Calcium dihydrogen diphosphate,0.480523117226168,0.35844854800428144,-0.023937778751519912,-0.7872651323057321,0.5210723851140399,0.24155601300045815
Magnesium oxide,1.0045284053793553,0.9212780151817175,0.795010455464902,0.7247962774361342,1.056707187606922,1.0650700851036121
Triethyl citrate,0.1578854039209061,-0.4562082863240725,0.08565114915072067,-0.7872651323057321,0.12520071258867427,-0.044463193393008985
Thiodipropionic acid,-0.4224931144655774,-0.35210709136495905,-0.9705322375809257,-0.7872651323057321,-0.26867554287998713,-0.5629938146786809
Karaya-gum,0.02568199664755787,-0.14960343256700626,0.06106599763403037,-0.7872651323057321,0.03977162354151748,0.0400929734767042
Calcium sulphate,0.32325387517469434,0.20207593057416998,0.06106599763403037,-0.13605572876250271,0.0084349787225083,0.49380914893148725
Sodium hydrogen carbonate,0.05618853427991431,0.1261860508307859,-0.023937778751519912,-0.27119388993922744,-0.054585269840280594,0.08668949735089056
Potassium adipate,-0.3397524126287474,-0.8537542684995382,-0.9705322375809257,-0.27119388993922744,-0.5416556338669358,-0.8520729310695998
Carbon dioxide,2.178102865481514,2.1060883597997018,2.1146613714257767,2.3975915801373517,1.9290499637350165,2.2918667475782715
Sodium sorbate,-0.758064152603185,-0.23687080407707362,-0.9705322375809257,-0.7872651323057321,-0.8718281362297977,-0.6777906310049805
Microcrystalline wax,-0.43625221242920703,-1.1045778570668279,-0.4424405442151025,-0.7872651323057321,-0.5020068168081552,-0.47725094164636456
Monosodium phosphate,-0.06732274203014889,-0.4562082863240725,-0.5520294721173432,-0.27119388993922744,-0.26867554287998713,-0.07804874883546964
maltitol,0.24037340851569444,-0.14960343256700626,-0.023937778751519912,0.2943702743368159,0.13095514112084203,0.37680405513679405
Sodium metabisulphite,0.02903218212140346,-0.20538469775678286,0.3614190786673774,-0.4616604305341174,0.12520071258867427,0.12118123573716846
Acetylated oxidised starch,0.013675152323876366,-0.1764202876857494,0.06106599763403037,0.2943702743368159,-0.017143843456964677,-0.24076459622639948
Aspartame,0.7848945083039472,0.9103941286578022,0.9482325672208459,1.2827836921554705,0.6223605193235582,1.0433533839061901
Salt of aspartame-acesulfame,-1.3188433366918477,-1.1045778570668279,-0.9705322375809257,-0.7872651323057321,-1.2416494556514401,-0.8520729310695998
Hydroxy propyl distarch glycerol,-1.6740137091272762,-1.1045778570668279,-0.9705322375809257,-0.7872651323057321,-1.2416494556514401,-1.226894920492835
Benzoin resin,-1.0449204070636893,-1.1045778570668279,-0.9705322375809257,-0.7872651323057321,-1.008318181723272,-1.226894920492835
Microcrystalline cellulose,1.0148000861243116,0.4577567994183545,0.9482325672208459,1.180818012318079,0.8756315316570132,0.7269776950018911
Calcium lactobionate,-1.0449204070636893,-1.1045778570668279,-0.706486390898014,-0.7872651323057321,-0.774986907795104,-0.8520729310695998
D-Alpha-tocopherol,0.4174302589535303,0.8035200316445748,0.49613387873575765,0.5436319871221417,0.8543638788205323,0.5721348238083277
Steviol glycosides from Stevia,0.3192042605735372,0.25645734122375585,0.284976058809822,0.5151536747807267,0.32499400445208887,0.29282894604779314
Annatto norbixin,-1.0017510424575735,-1.1045778570668279,-0.9705322375809257,-0.7872651323057321,-0.5866057553192263,-0.8520729310695998
Argon,1.5443191641699199,1.785926200021736,1.355013249850683,0.5436319871221417,1.1911241818755598,1.6404470431204585
Desconocido,0.14995845675892358,0.6595705400905126,0.223895509128756,-0.7872651323057321,-0.5416556338669358,0.28480086558448453
Acetylated starch,-0.16333485127934289,-0.40042702113429596,-0.9705322375809257,0.12682282985790874,-0.5416556338669358,-0.37910024022966937
Potassium polyphosphate,0.2810412736377842,0.060210817242888834,-0.023937778751519912,-0.4616604305341174,0.2376358220351299,0.07185334784148985
Magnesium chloride,1.0181005961264482,0.8846381419252874,0.6891021130412078,0.5958800388565033,0.9412465337226459,0.9544555255859153
E411 food additive,-1.3188433366918477,-1.1045778570668279,-0.9705322375809257,-0.7872651323057321,-1.008318181723272,-1.226894920492835
Ammonium Pectate,-0.45805530444332515,-1.1045778570668279,-0.9705322375809257,-0.7872651323057321,-0.6384968623016296,-1.226894920492835
Mono- and diacetyltartaric acid esters of mono- and diglycerides of fatty acids,-1.2258385980141409,-1.1045778570668279,-0.9705322375809257,-0.7872651323057321,-1.2416494556514401,-1.226894920492835
Pentasodium triphosphate,-0.7395854086998518,-0.8537542684995382,-0.9705322375809257,-0.7872651323057321,-0.8718281362297977,-0.6777906310049805
Ethyl ester of beta-apo-8'-carotenic acid (C 30),-1.6740137091272762,-1.1045778570668279,-0.9705322375809257,-0.7872651323057321,-1.2416494556514401,-1.226894920492835
Ethyl gallate,0.17847027908497803,0.29626247937779626,0.5041539146143031,0.05441081183238732,0.4625510108127523,0.12768005466308185
Steviol glycosides,0.3569803396820842,0.18196731602056235,0.2705993475776254,0.6199749761084304,0.3614214967200973,0.39197000426373174
Cassia gum,-0.608502591820991,-0.5221835199119695,-0.9705322375809257,-0.7872651323057321,-0.5416556338669358,-0.8520729310695998
Ammonium hydroxide,0.7448805560241482,0.7109847951531649,0.48794135581166764,0.05441081183238732,0.573985119198594,0.6458081063707487
Yellow 2G,-0.758064152603185,-0.6029306799322486,-0.9705322375809257,-0.7872651323057321,-0.8718281362297977,-1.226894920492835
Calcium salts of fatty acids,-0.36131306743230923,-0.7070318748913621,-0.9705322375809257,-0.27119388993922744,-0.4051655883734614,-0.5174358842329394
Trisodium diphosphate,-0.35578660798394823,-0.40042702113429596,-0.4424405442151025,-0.7872651323057321,-0.5020068168081552,-0.3029686415817453
Calcium polyphosphate,-0.041445734656041164,-0.20538469775678286,-0.057083686796205145,-0.4616604305341174,-0.30832435993876767,0.02303053432047314
Alpha-tocopherol,1.5151939141993356,1.8585971358629787,1.7338208748922268,1.3898908777435044,2.039386950013834,1.7568552453982107
Acid-treated modified starch,-0.9296109626092816,-1.1045778570668279,-0.9705322375809257,-0.4616604305341174,-0.774986907795104,-1.226894920492835
Sucrose acetate isobutyrate,-0.2454467063800129,-0.1764202876857494,-0.17839469753219098,-0.7872651323057321,-0.30832435993876767,-0.3029686415817453
Carbamide,0.7860184379365227,0.4223014180456112,0.6841867205379343,0.18954897300911197,0.6692927419202319,1.128509536797738
Distarch glycerine,-1.6740137091272762,-1.1045778570668279,-0.9705322375809257,-0.7872651323057321,-1.2416494556514401,-1.226894920492835
Potassium citrates,0.9792691216914491,0.6861900339022834,0.8336639915004154,0.6428940722244135,0.9970065266627118,1.161773802379582
Sodium hydrogen sulphate,-1.0947557811352802,-1.1045778570668279,-0.9705322375809257,-0.7872651323057321,-1.008318181723272,-0.9904085750728697
Modified Starch,0.6336539586414682,0.19216128441868285,0.13051914002915097,0.5958800388565033,0.5961882776073762,0.44413868857004396
Indigotine,-0.6333833272044223,-0.4562082863240725,-0.2879836254344315,-0.4616604305341174,-0.6998710153017675,-0.7539222296529046
potassium iodate,0.1370953131935692,0.07440330088154025,-0.706486390898014,-0.7872651323057321,0.08190477565319369,0.17000404925818502
ammonium fumarate,-0.758064152603185,-0.8537542684995382,-0.9705322375809257,-0.7872651323057321,-1.2416494556514401,-1.226894920492835
non-amidated pectines,-1.6740137091272762,-1.1045778570668279,-0.9705322375809257,-0.7872651323057321,-1.2416494556514401,-1.226894920492835
Tetrapotassium diphosphate,-0.7395854086998518,-0.8537542684995382,-0.706486390898014,-0.7872651323057321,-0.46653974137359927,-0.5174358842329394
Isopropyl citrates,-1.4499261535707086,-1.1045778570668279,-0.9705322375809257,-0.7872651323057321,-1.2416494556514401,-1.226894920492835
Calcium sulphite,-1.4499261535707086,-1.1045778570668279,-0.9705322375809257,-0.7872651323057321,-1.2416494556514401,-1.226894920492835
Nitrous oxide,1.6157829691578585,1.4215824748300174,1.3295200224961732,1.963144882404271,1.4020771111769335,1.7879282033906958
Propionic acid,1.3612983542511023,1.4225899797426595,1.7593681641872267,2.7148485718693127,1.481892419222202,1.3935671208767526
Sodium salts of fatty acids,-0.8208328515071216,-0.8537542684995382,-0.706486390898014,-0.7872651323057321,-1.008318181723272,-1.226894920492835
Dimagnesium phosphate,-0.9296109626092816,-1.1045778570668279,-0.9705322375809257,-0.7872651323057321,-1.2416494556514401,-0.9904085750728697
Ethyl maltol,-0.14002457702434765,-0.20538469775678286,-0.4424405442151025,-0.7872651323057321,-0.17183431444529323,-0.06648229616178007
Sodium tartrates,0.6218871521435356,0.49876613817574894,0.47956876309761287,0.05441081183238732,0.6102163853626607,0.619437912421145
Carnauba wax,0.19683237496066058,-0.14960343256700626,0.06106599763403037,0.12682282985790874,0.2616907580821487,-0.05529514055636728
L-cysteine hydrochloride monohydrate,-0.8208328515071216,-1.1045778570668279,-0.9705322375809257,-0.7872651323057321,-0.8718281362297977,-0.8520729310695998
chloropentafluoroethane,-0.9636729642564194,-1.1045778570668279,-0.9705322375809257,-0.7872651323057321,-0.8718281362297977,-1.226894920492835
Konjac glucomannan,0.6007027734873772,0.2808617744251498,0.7350538532525297,1.2592913826815557,0.6915939990829593,0.4566374370556339
Alkaline sodium aluminium phosphate,-1.2258385980141409,-1.1045778570668279,-0.9705322375809257,-0.7872651323057321,-1.2416494556514401,-1.226894920492835
Citric acid,1.7069268143391487,1.8274398455102148,1.7483257204875107,1.9453128793108727,1.6764053600313678,1.8176352017115711
Nisin,0.9297274874230267,0.6836144931551414,0.6891021130412078,1.5818751847267538,0.8088430436879718,0.8273438436693255
Hydroxypropyl methyl cellulose,0.35210958833877615,0.0880600894595694,0.4532867818997079,-0.4616604305341174,0.34971159006698765,0.25951687974043836
pectin amide,-1.4499261535707086,-1.1045778570668279,-0.9705322375809257,-0.7872651323057321,-1.2416494556514401,-0.9904085750728697
sodium erythorbate,-0.1756521507630881,-0.12463753773650373,-0.5520294721173432,-0.27119388993922744,0.2161874304712035,-0.3029686415817453
hemimorphite,-0.7395854086998518,-0.8537542684995382,-0.9705322375809257,-0.7872651323057321,-1.2416494556514401,-0.8520729310695998
Ethoxylated Mono- and Di-Glycerides,-1.6740137091272762,-1.1045778570668279,-0.9705322375809257,-0.7872651323057321,-1.2416494556514401,-1.226894920492835
Alpha-Cyclodextrine,-1.3188433366918477,-1.1045778570668279,-0.9705322375809257,-0.7872651323057321,-1.2416494556514401,-1.226894920492835
Tripotassium phosphate,-0.7985281457304209,-0.8537542684995382,-0.706486390898014,-0.4616604305341174,-0.5416556338669358,-0.9904085750728697
Indanthrene blue RS,-1.1536985181658492,-1.1045778570668279,-0.9705322375809257,-0.4616604305341174,-1.2416494556514401,-1.226894920492835
Sorbitol syrup,-1.2258385980141409,-1.1045778570668279,-0.9705322375809257,-0.7872651323057321,-1.2416494556514401,-0.8520729310695998
calcium propionate,0.027361429022387515,-0.12463753773650373,-0.22926183024678634,0.3800155136040021,-0.18616098175166124,-0.013889525190826488
Dichlorodifluoromethane,-0.01941746327423017,-0.23687080407707362,-0.35743676782955225,-0.7872651323057321,-0.30832435993876767,-0.10242895222312942
Tartaric acid esters of mono- and diglycerides of fatty acids,-1.4499261535707086,-1.1045778570668279,-0.9705322375809257,-0.7872651323057321,-1.2416494556514401,-1.226894920492835
Ammonium polyphosphate,0.20467009228233718,-0.8537542684995382,-0.9705322375809257,-0.4616604305341174,0.1787460040878876,-0.9904085750728697
Mono- and diglycerides of fatty acids,-0.6333833272044223,-0.4562082863240725,-0.5520294721173432,-0.27119388993922744,-0.774986907795104,-0.6155865856496346
Hexamethylene tetramine,-0.4734529766452212,-1.1045778570668279,-0.5520294721173432,-0.7872651323057321,-0.46653974137359927,-0.7539222296529046
E571,0.008389639415549623,0.2886440517268175,0.006553500894713737,-0.7872651323057321,-0.33004969588012495,0.25511452604312834
Enzymatically hydrolysed carboxymethylcellulose,-0.7776634869010058,-1.1045778570668279,-0.9705322375809257,-0.4616604305341174,-1.008318181723272,-1.226894920492835
Cholic acid,1.087807847366065,1.236958252373965,1.2009812476043953,2.065537143791076,1.021361659699154,1.199672440671439
Aluminium,1.4753151951935617,1.433165693466666,1.6021064216373,1.0112326111132486,1.3807611421689245,1.5573892100383524
Sodium tetraborate (borax),-0.37848294313031716,-0.40042702113429596,-0.5520294721173432,-0.4616604305341174,-0.5866057553192263,-0.47725094164636456
Riboflavin,1.4752961876382087,1.5168324188772895,1.4643895416136732,1.847774643073582,1.4419727693113362,1.6657637678783859
Polyvinyl alcohol-polyethylene glycol-graft-co-polymer,-1.4499261535707086,-1.1045778570668279,-0.9705322375809257,-0.7872651323057321,-1.2416494556514401,-1.226894920492835
Ammonium carbonate,0.24296319543663034,0.04543889081050679,-0.4424405442151025,-0.13605572876250271,-0.035344268951818955,0.014168278190323803
Potassium hydrogen carbonate,-0.705523407052714,-0.7070318748913621,-0.9705322375809257,-0.7872651323057321,-0.8718281362297977,-0.9904085750728697
Brilliant blue FCF,-0.03937997679593302,-0.07934575908896806,-0.35743676782955225,-0.27119388993922744,-0.2879165437684488,-0.12868634151712605
Potassium acetate,0.3908005387711087,0.20207593057416998,-0.2879836254344315,-0.4616604305341174,0.16355729822648493,0.056342600627828074
Polyoxyethylene (40) stearate,-0.5339765970466174,-0.35210709136495905,-0.9705322375809257,-0.4616604305341174,-0.6998710153017675,-0.47725094164636456
Synthetic wax,-0.6897500346282609,-1.1045778570668279,-0.9705322375809257,-0.7872651323057321,-1.2416494556514401,-0.9904085750728697
Astaxanthin,1.0417628457299144,1.2403036871174649,1.5467038832931432,1.4694155315488266,1.4505708666882404,1.1091292397306882
Calcium citrates,1.1566796567042903,0.9545466962760387,1.0139570896334062,0.8828535347288419,1.1233285042408632,1.4208031989862775
Acetylated starch,-0.16333485127934289,-0.40042702113429596,-0.9705322375809257,0.12682282985790874,-0.5416556338669358,-0.37910024022966937
Potassium salts of fatty acids,-0.8208328515071216,-0.7070318748913621,-0.9705322375809257,-0.7872651323057321,-0.8718281362297977,-0.8520729310695998
Bentonite,1.1241306274929281,0.9782062288669262,0.8866138939390956,1.2532300303436006,1.559310598269173,0.889961688563299
sodium dodecyl sulfate,1.8016447074474649,1.9331806533667477,1.875591136825851,1.5407261462830515,1.5703537876293936,1.7895605172497573
Candelilla wax,-0.148570184837419,-1.1045778570668279,-0.5520294721173432,-0.7872651323057321,-0.15809257495209478,-0.5174358842329394
Gamma-Cyclodextrine,-1.1536985181658492,-1.1045778570668279,-0.9705322375809257,-0.7872651323057321,-0.8718281362297977,-0.8520729310695998
Lactitol,0.23776270788044374,-0.058662304148606806,0.3727911958048713,0.8258444798558204,0.18366033766998138,0.4686944400334962
1‚4-Heptonolactone,-1.6740137091272762,-1.1045778570668279,-0.9705322375809257,-0.7872651323057321,-1.2416494556514401,-1.226894920492835
Sodium carbonate,0.8459747077001033,0.6454885317839252,0.47100800656961794,0.2943702743368159,0.7369484759854076,0.6856796105542261
Dimethyl polysiloxane,-0.2614148905037183,-0.40042702113429596,-0.9705322375809257,-0.7872651323057321,-0.46653974137359927,-0.6777906310049805
Potassium nitrate,0.6430180028407079,0.3888750285385236,1.0458867761500905,0.41761543854343625,0.6658163681145427,0.7746130279148677
Calcium carbonates,0.03234800611303297,-0.40042702113429596,-0.706486390898014,-0.27119388993922744,-0.25047511738513284,-0.351791455102762
Carbomer,0.47216890546425694,0.3110344058101785,0.8468010738040783,0.5151536747807267,0.6170171393257461,0.6239769285187505
Starch sodium octenyl succinate,-0.8208328515071216,-0.8537542684995382,-0.706486390898014,-0.4616604305341174,-0.8718281362297977,-0.9904085750728697
Nicotinic acid,1.3740258632362627,1.247991483492391,1.3258659164573936,1.3568296189188462,1.1819485440058404,1.2857241276982057
Copper complexes of chlorophylls,-1.4499261535707086,-0.8537542684995382,-0.9705322375809257,-0.7872651323057321,-1.2416494556514401,-1.226894920492835
Potassium propionate,-0.6747105785351766,-0.8537542684995382,-0.9705322375809257,-0.7872651323057321,-0.6384968623016296,-0.9904085750728697
E638,-0.02331257069488892,0.18196731602056235,-0.2879836254344315,-0.13605572876250271,-0.5020068168081552,0.22743630105578527
Malic acid,1.128438613777952,1.0089281069256246,0.9036736535468572,1.4694155315488266,1.1333513809217677,0.9356918874690376
Gold,2.395113586945907,2.8213984413357904,2.662021946101414,2.500272794444451,2.1230549989816585,2.716708628081021
Dextrin,0.7622449598224152,0.7061598977075023,0.8235050525652963,1.2532300303436006,0.7195329094886299,0.7794116678886305
ammonium adipate,-1.2258385980141409,-1.1045778570668279,-0.9705322375809257,-0.7872651323057321,-1.008318181723272,-1.226894920492835
Butane,1.0072079561125535,1.105321337688118,0.6841867205379343,0.9571789903838558,0.8373072481483982,0.8751714858155025
Succinylated monoglycerides,-0.705523407052714,-0.6029306799322486,-0.706486390898014,-0.7872651323057321,-0.6998710153017675,-0.6777906310049805
Monocalcium phosphate,0.1382860696230855,-0.4562082863240725,-0.13352670665376049,-0.031234427434799022,-0.23320846744543122,0.11455621829760033
mineral oil,1.0543055342467305,1.273681102458863,1.2695840824286586,0.6856279093416338,0.9640942241700002,1.0402617850889715
Dimethylpolysiloxane and Methylphenylpolysiloxane,-1.6740137091272762,-1.1045778570668279,-0.9705322375809257,-0.7872651323057321,-1.2416494556514401,-1.226894920492835
Brown FK,-0.41582710500010245,-0.35210709136495905,-0.706486390898014,-0.7872651323057321,-1.008318181723272,-0.5174358842329394
Glyceryl diacetate,-0.8987981340917442,-0.5221835199119695,-0.706486390898014,-0.7872651323057321,-0.6384968623016296,-0.8520729310695998
Chlorophyllins,-0.45062302297860907,-0.20538469775678286,-0.4424405442151025,-0.7872651323057321,-0.08568051925864029,-0.6155865856496346
Dipotassium phosphate,-0.30516939555034617,-0.40042702113429596,-0.5520294721173432,-0.7872651323057321,-0.35327448139105805,-0.2809495388129742
Sodium nitrite,0.9672341596195703,1.2811940771155466,0.9091945854521076,0.743220140315051,1.1614778717300678,0.9100367537202632
Lecithin,1.3771567125178257,1.337541415079915,1.4592503387633802,1.4655492686656513,1.3663920843771848,1.501155129424011
Calcium tartrate,-0.43625221242920703,-0.5221835199119695,-0.9705322375809257,-0.7872651323057321,-0.6998710153017675,-0.6777906310049805
Iron oxides and iron hydroxides,0.5145438802731955,0.3709277828345327,-0.057083686796205145,0.24487735242727746,0.4625510108127523,0.1756434781131465
Nitrogen oxides,1.3313983400944565,1.510575284060204,1.4261632219270188,1.2345620789746312,1.5692417615579684,1.3684042789738207
Calcium fumarate,-0.8208328515071216,-1.1045778570668279,-0.9705322375809257,-0.7872651323057321,-0.8718281362297977,-0.7539222296529046
Sodium calcium polyphosphate,0.21420736222637765,-0.14960343256700626,0.2556587019218212,-0.27119388993922744,0.4428083319301248,0.37680405513679405
Potassium tartrates,0.5096822848229232,0.46728003185545836,0.08565114915072067,-0.7872651323057321,0.4625510108127523,0.43641358093347876
Gelatine,0.8491546350277198,0.8694952652324718,0.9382073140683154,0.4848368149317058,0.7001166282672413,1.0229717499950282
Ethyl p-hydroxybenzoate,-0.033260740383011245,0.20207593057416998,-0.17839469753219098,-0.13605572876250271,-0.035344268951818955,0.1642698356609069
Petunidin,0.3847575589937866,0.33888367802685904,0.42505626635829624,0.4524275316295236,0.6156679356286848,0.3476811800963847
Annatto bixin,-0.15439538757374952,-0.07934575908896806,-0.09339092114664052,-0.7872651323057321,0.2655379527770897,-0.20481794016505012
Propyl gallate,0.5752756515703795,0.8286096188185699,0.7127704467060204,0.12682282985790874,1.0289716108590647,0.49380914893148725
Magnesium hydroxide,0.7617270050972682,0.5277305482467823,0.795010455464902,0.12682282985790874,0.7254387780196542,0.9338787157377222
Citric acid esters of mono- and diglycerides of fatty acids,-1.4499261535707086,-1.1045778570668279,-0.9705322375809257,-0.7872651323057321,-1.2416494556514401,-1.226894920492835
Ethanol,2.2629428970029535,2.494664362331521,2.5967657071207655,2.8369009763444426,2.3261077305870903,2.388559701273338
Gamme-tocopherol,-1.6740137091272762,-1.1045778570668279,-0.9705322375809257,-0.7872651323057321,-1.2416494556514401,-1.226894920492835
Sodium bisulphite,-0.09301271439462774,0.3037238147982359,-0.2879836254344315,-0.7872651323057321,0.01654683803058443,-0.09002112383875058
Sunset yellow FCF,-0.09791114151741241,-0.23687080407707362,-0.22926183024678634,-0.4616604305341174,-0.33004969588012495,-0.24076459622639948
Glucose oxidase,1.3281785310606529,1.5285310129249647,1.2385603951016624,0.9795521848828687,1.3233468505399264,1.310714746887934
Sodium malate,-0.6333833272044223,-0.7070318748913621,-0.5520294721173432,-0.7872651323057321,-0.774986907795104,-0.6777906310049805
octafluorocyclobutane,-0.48143585149614637,-1.1045778570668279,-0.9705322375809257,-0.7872651323057321,-0.6384968623016296,-0.6777906310049805
Glycine and its sodium salt,0.7732682413425235,0.5582211602738578,0.6077437006803788,0.5436319871221417,0.7892434532883382,0.614837694264438
Lutein,1.2245132408354031,1.495266039223642,1.3625901597532242,1.1514491816274353,1.6082623387378323,1.5198253636552645
Sodium methyl p-hydroxybenzoate,-0.12092172094817537,-0.4562082863240725,-0.17839469753219098,-0.4616604305341174,-0.035344268951818955,-0.32650746925871565
Calcium Disulphite,-1.6740137091272762,-1.1045778570668279,-0.9705322375809257,-0.7872651323057321,-1.2416494556514401,-1.226894920492835
Tagatose,0.44342291290555746,-0.07934575908896806,0.17065492553627093,0.8692366888937565,0.3614214967200973,0.30833969326145505
Gum Guaicum,-1.6740137091272762,-1.1045778570668279,-0.9705322375809257,-0.7872651323057321,-1.2416494556514401,-1.226894920492835
Paraffin wax,0.7920525130022955,1.295767668685543,0.7081529643090982,-0.13605572876250271,0.3699441259043794,1.0192173497680381
Magnesium carbonates,-0.36131306743230923,-0.8537542684995382,-0.706486390898014,-0.4616604305341174,-1.008318181723272,-0.6777906310049805
Choline salt,-0.5246052161022624,-0.6029306799322486,-0.2879836254344315,-0.7872651323057321,-0.33004969588012495,-0.5629938146786809
Calcium alginate,0.8888110239558348,0.7364296602023246,0.843559031821879,0.7945163208249533,0.8244682646809294,0.8206538709363151
Tetrasodium diphosphate,-1.0449204070636893,-0.8537542684995382,-0.9705322375809257,-0.7872651323057321,-0.8718281362297977,-1.226894920492835
Dodecyl gallate,-0.25333221938556244,-0.2713599313446798,0.13051914002915097,-0.4616604305341174,0.05440983725770349,-0.18817182525544573
Enzyme treated starch,0.8453082675442356,1.0706709887883663,1.0892629813821715,1.371284552912969,0.9607158716534597,0.9776137869347759
Ponceau 4r,0.05923846260899941,-0.03909743417118441,0.034784016436125366,-0.7872651323057321,-0.25047511738513284,-0.07804874883546964
Monosodium glutamate,0.8602992016297804,0.758104518358335,1.120410710671427,0.8960867559705068,0.8596443929307525,0.8974604009176517
Caustic sulphite caramel,-1.6740137091272762,-1.1045778570668279,-0.9705322375809257,-0.7872651323057321,-1.2416494556514401,-1.226894920492835
Calcium malate,-0.7221060164582147,-0.8537542684995382,-0.9705322375809257,-0.7872651323057321,-1.2416494556514401,-0.9904085750728697
Ethoxyquin,0.2748684845814139,0.6938084615532621,0.1511153793539211,0.3391420681799595,0.679511512566933,0.12768005466308185
Sulphur dioxide,0.6725583922481332,0.5072809297910453,1.0458867761500905,-0.031234427434799022,0.5947527706482655,0.9240422815710087
Calcium chloride,1.3682280780284102,1.2290298174342158,1.2717063031463478,0.8258444798558204,1.3961423191702054,1.3093061670372912
Erythorbic acid,-0.23396774888675764,-0.23687080407707362,-0.5520294721173432,-0.7872651323057321,0.2026301940638956,-0.351791455102762
E642,-0.05412539921242624,0.10122015600028324,-0.13352670665376049,-0.7872651323057321,-0.5020068168081552,0.1756434781131465
Oxidised starch,-0.8706682255787126,-0.8537542684995382,-0.9705322375809257,-0.4616604305341174,-1.2416494556514401,-0.8520729310695998
Desconocido,0.14995845675892358,0.6595705400905126,0.223895509128756,-0.7872651323057321,-0.5416556338669358,0.28480086558448453
Arabinogalactan,0.8837567598709352,0.7844702677290285,0.9008828891706946,1.385307931260261,0.8330817633142127,0.6931237824755991
Allura red,0.1677996733305801,0.14954008576962022,0.2069621598867065,0.3391420681799595,-0.1321854973865127,-0.013889525190826488
Citranaxanthin,-0.8706682255787126,-0.8537542684995382,-0.9705322375809257,-0.7872651323057321,-0.5020068168081552,-0.9904085750728697
Magnesium lactate,-0.39661610709146955,-0.8537542684995382,-0.706486390898014,-0.7872651323057321,-0.6384968623016296,-0.18817182525544573
Polyethylene glycol,1.785845704657144,2.209618464187288,2.0364264285676628,2.0928680177557966,1.779012786824958,1.9499646063716967
D-sorbitol,0.47637299598409943,0.21172615439610523,0.06106599763403037,0.41761543854343625,0.3185202304775881,0.34428634932280455
Sodium tripolyphosphate,0.5712518848676901,0.547086067945086,0.47956876309761287,0.4848368149317058,0.6539621195846447,0.582474332573314
Potassium persulfate,0.42240404944401466,0.1261860508307859,0.3496969958336323,-0.13605572876250271,0.3217726796613167,0.09387245061026092
Acetic acid esters of mono- and diglycerides of fatty acids,-1.0017510424575735,-1.1045778570668279,-0.9705322375809257,-0.7872651323057321,-1.008318181723272,-1.226894920492835
Glycolipids,1.5188193846691884,1.7991959582627544,1.6958111935955924,1.847774643073582,1.3159995656420203,1.5715155064798403
Mineral oil medium and low viscosity class III,-1.3188433366918477,-1.1045778570668279,-0.9705322375809257,-0.7872651323057321,-1.2416494556514401,-1.226894920492835
Oxidised polyethylene wax,-0.32948837578787066,-0.6029306799322486,-0.5520294721173432,0.05441081183238732,-0.5020068168081552,-0.6155865856496346
Sodium/potassium/calcium and magnesium salts of fatty acids,-1.4499261535707086,-0.8537542684995382,-0.9705322375809257,-0.7872651323057321,-1.2416494556514401,-1.226894920492835
Fatty acids,2.3851860975733885,2.62220299389362,2.9099257978106543,3.8478532280010205,2.4776921004632593,2.593475593094289
Polyoxyethylene sorbitan monooleate,-0.22288243414607142,-0.35210709136495905,-0.5520294721173432,-0.4616604305341174,-0.33004969588012495,-0.4087865797710257
Chlorine,1.6814155787269027,1.8315791904654497,1.5341615937248465,1.8101747181341479,1.5298712955991494,1.64409441160644
Calcium acetate,0.40776390535629703,0.20207593057416998,0.2988298631190368,-0.27119388993922744,0.2161874304712035,0.628456349683697
Nitrogen,2.450811049336867,2.589718647085481,2.6151542056179036,3.488529237060798,2.427215926874648,2.4553386445805145
Riboflavin-5′-phosphate,0.013675152323876366,-0.07934575908896806,-0.17839469753219098,-0.4616604305341174,-0.20112459507924665,-0.11530510968279677
Patent blue v,0.09782207649584963,0.6887473727959786,0.5419013685765821,-0.7872651323057321,-0.43445586900741484,0.3510425637175654
Calcium 5'-ribonucleotide,-1.0947557811352802,-1.1045778570668279,-0.9705322375809257,-0.7872651323057321,-1.2416494556514401,-0.9904085750728697
Ammonium hydrogen carbonate,-0.314678610649476,-0.7070318748913621,-0.9705322375809257,-0.7872651323057321,-0.6384968623016296,-0.4087865797710257
Tricalcium phosphate,1.2574958090752961,1.1871950423725657,1.350737810654975,0.41761543854343625,0.9978763614407054,1.471896834578064
Sodium citrates,1.356667783817936,1.299556833646955,1.3700192981392474,1.2084582365004568,1.370150076461566,1.549303117802135
Nitrosyl chloride,-0.37265774039398636,-0.40042702113429596,-0.9705322375809257,-0.7872651323057321,-0.3782211421231877,-0.9904085750728697
Amidated pectin,-0.2493654210886535,-0.7070318748913621,-0.706486390898014,-0.27119388993922744,-0.33004969588012495,-0.32650746925871565
Sodium aluminium silicate,-0.8706682255787126,-0.8537542684995382,-0.9705322375809257,-0.7872651323057321,-0.8718281362297977,-0.9904085750728697
Sodium sesquicarbonate,-0.5535759313444382,-1.1045778570668279,-0.9705322375809257,-0.4616604305341174,-1.008318181723272,-0.6155865856496346
Sodium/potassium and calcium salts of fatty acids,-1.1536985181658492,-0.7070318748913621,-0.9705322375809257,-0.7872651323057321,-1.008318181723272,-0.8520729310695998
Dicalcium diphosphate,-0.563839968185315,-0.8537542684995382,-0.5520294721173432,-0.7872651323057321,-0.6384968623016296,-0.6155865856496346
Sodium formiate,-1.0449204070636893,-1.1045778570668279,-0.9705322375809257,-0.7872651323057321,-1.008318181723272,-0.9904085750728697
l-cysteine,1.4157293825115842,1.8425665579099333,1.6699262292481905,1.499250845185984,1.7123235138546222,1.5529754657166273
Ethulose,-1.4499261535707086,-1.1045778570668279,-0.9705322375809257,-0.7872651323057321,-1.2416494556514401,-1.226894920492835
Sodium sulphate,0.563370216959343,0.8455221335688643,1.3231021488307253,1.484570016362533,0.7322005006334258,0.5650635307292292
Magnesium stearate,0.537812193335955,-0.10128350279766943,0.534645194260537,0.05441081183238732,0.4852071714050648,0.24155601300045815
acid esters of mono- and diglycerides of fatty acids,-1.3188433366918477,-1.1045778570668279,-0.9705322375809257,-0.7872651323057321,-1.2416494556514401,-1.226894920492835
Aluminium silicate,-0.15439538757374952,-0.40042702113429596,-0.09339092114664052,-0.4616604305341174,-0.23320846744543122,-0.2809495388129742
Beta-cyclodextrine,-0.35578660798394823,-0.35210709136495905,-0.35743676782955225,-0.7872651323057321,-0.4051655883734614,-0.2809495388129742
Sodium propionate,0.3312040300210245,0.3888750285385236,0.5419013685765821,1.2084582365004568,0.42661014800683794,0.28480086558448453
Acid sodium aluminium phosphate,-0.8987981340917442,-1.1045778570668279,-0.9705322375809257,-0.7872651323057321,-1.008318181723272,-0.7539222296529046
Konjac gum,-0.26970483202815726,-0.8537542684995382,-0.4424405442151025,-0.031234427434799022,-0.35327448139105805,-0.6777906310049805
Glucono-delta-lactone,0.3060352157124281,-0.1764202876857494,-0.09339092114664052,0.12682282985790874,0.16355729822648493,-0.033964590347790605
Guanylic acid,0.05618853427991431,0.13805143997123398,-0.4424405442151025,-0.7872651323057321,-0.30832435993876767,-0.3029686415817453
Monomagnesium phosphate,-1.3188433366918477,-1.1045778570668279,-0.9705322375809257,-0.7872651323057321,-1.2416494556514401,-0.8520729310695998
Polyglycerol esters of fatty acids,-0.6465806700221449,-0.7070318748913621,-0.9705322375809257,-0.7872651323057321,-0.43445586900741484,-0.7539222296529046
Thermally oxidised soya bean oil interacted with mono- and diglycerides of fatty acids,-1.3188433366918477,-0.7070318748913621,-0.9705322375809257,-0.7872651323057321,-1.2416494556514401,-1.226894920492835
Pentapotassium triphosphate,-1.2258385980141409,-1.1045778570668279,-0.9705322375809257,-0.7872651323057321,-0.774986907795104,-1.226894920492835
Distarch glycerol,-1.6740137091272762,-1.1045778570668279,-0.9705322375809257,-0.7872651323057321,-1.2416494556514401,-1.226894920492835
Delphinidin,0.7288340192360613,0.903421621084371,0.9407384704477647,0.7780322334011381,0.9935045354245089,0.7822587860335521
dipotassium dihydrogenpyrophosphate,-1.6740137091272762,-1.1045778570668279,-0.9705322375809257,-0.7872651323057321,-1.2416494556514401,-1.226894920492835
Sucralose,0.6494395586044588,0.582943294941984,0.8095241207282615,1.713209695254789,0.49308181988535577,0.9139138145073772
Ethyl lauroyl arginate,-0.43625221242920703,-1.1045778570668279,-0.706486390898014,-0.27119388993922744,-0.5416556338669358,-0.47725094164636456
Neotame,-0.06286349884727616,-0.12463753773650373,-0.17839469753219098,0.3800155136040021,-0.4051655883734614,0.07935206019584243
Rhodoxanthin,-0.5154978531432842,-0.7070318748913621,-0.9705322375809257,-0.7872651323057321,-0.17183431444529323,-0.9904085750728697
E450viii,-1.6740137091272762,-1.1045778570668279,-0.9705322375809257,-0.7872651323057321,-1.2416494556514401,-1.226894920492835
Potassium chloride,1.6219519753530964,1.5642465610713925,1.502606241784574,1.0777726990738503,1.6877847052032398,1.6168045214856446
Benzyl alcohol,1.010586484052373,0.7844702677290285,1.0118697549117646,0.7056202153756169,0.8602986708272609,0.8273438436693255
Bakers yeast glycan,0.2937797235393855,0.18196731602056235,0.3121974674470276,0.2943702743368159,0.27310289746968563,0.12768005466308185
Cyclamic acid and its Na and Ca salts,-1.4499261535707086,-1.1045778570668279,-0.9705322375809257,-0.7872651323057321,-1.2416494556514401,-1.226894920492835
Disodium diphosphate,-1.2258385980141409,-1.1045778570668279,-0.9705322375809257,-0.7872651323057321,-1.2416494556514401,-1.226894920492835
Red 2G,-0.6207036626480372,-0.35210709136495905,-0.9705322375809257,-0.7872651323057321,-0.8718281362297977,-0.7539222296529046
Potassium ferrocyanide,0.2725229603500472,0.04543889081050679,-0.5520294721173432,-0.27119388993922744,0.18850395895861477,-0.09002112383875058
Potassium sorbate,0.4556753689357837,0.27290844443896195,0.18924093521679625,0.7056202153756169,0.4289724445208375,0.33035879603022617
Polyoxyethylene sorbitan tristearate,-1.3188433366918477,-0.8537542684995382,-0.9705322375809257,-0.7872651323057321,-1.2416494556514401,-0.9904085750728697
Sodium dehydroacetate,-0.32948837578787066,-0.5221835199119695,-0.35743676782955225,-0.4616604305341174,-0.3782211421231877,-0.4087865797710257
Tylosin,0.8533464604336459,0.34552353307778483,0.6478794861874989,1.376005680979364,0.5662462525843918,0.757773556424415
ammonium lactate,-0.1917395494435347,-0.30948589271589627,-0.13352670665376049,-0.13605572876250271,-0.25047511738513284,-0.10242895222312942
Ammonium chloride,1.2878982526717186,1.3656890912977906,1.0909674031677716,0.8407583765523415,1.1620117748900147,1.1834431586515282
Locust bean gum,0.5696908484927,0.3110344058101785,0.5197045486047328,0.7056202153756169,0.5469131389927201,0.523312010287311
Zeaxanthin,1.053115035752689,1.161217717225092,1.087550899248208,0.8828535347288419,1.4642129845934004,1.303817935914818
Calcium polyphosphate,-0.041445734656041164,-0.20538469775678286,-0.057083686796205145,-0.4616604305341174,-0.30832435993876767,0.02303053432047314
peptone,1.1433188790569244,1.025379210140831,0.9604041340401647,1.3212641202365571,0.9014692089807701,1.003278339106932
Calcium oxide,0.5840752658101388,0.2647763730575055,0.3121974674470276,0.18954897300911197,0.3526774759646779,0.3829515670011797
Xanthan gum,0.9336090570197213,0.6124325230127186,0.9119253328704102,0.933686680909941,0.9292135586690887,0.8505512699819435
Delta-tocopherol,0.39242920722887925,0.5930424233585987,0.47956876309761287,0.18954897300911197,0.8635511200109894,0.5212872110044497
Potassium sulphates,-1.0449204070636893,-0.8537542684995382,-0.9705322375809257,-0.7872651323057321,-1.2416494556514401,-0.8520729310695998
Disodium phosphate,0.19583916371824914,0.47194928305700595,0.47100800656961794,-0.7872651323057321,0.37550831658362843,0.3006724564888699
Petroleum wax,0.6367207642967401,0.21172615439610523,-0.09339092114664052,0.3391420681799595,0.4313182789045174,0.38598427743886304
Quinoline yellow,-0.13445047333374793,-0.2713599313446798,0.08565114915072067,-0.7872651323057321,-0.4051655883734614,-0.20481794016505012
Glucosylated steviol glycosides,-1.0449204070636893,-1.1045778570668279,-0.706486390898014,-0.7872651323057321,-1.008318181723272,-0.8520729310695998
Acesulfame k,0.21887252261692958,0.23922256266735614,0.034784016436125366,0.8258444798558204,-0.06463454958577239,0.49600322516040357
Calcium diglutamate,-1.1536985181658492,-0.7070318748913621,-0.9705322375809257,-0.7872651323057321,-1.2416494556514401,-0.8520729310695998
Invertase,1.0188034856523065,0.5897072665941487,0.3496969958336323,1.2408675198026389,0.8096037804451367,0.4491932651342609
Methyl p-hydroxybenzoate,-0.22288243414607142,-0.6029306799322486,-0.35743676782955225,-0.7872651323057321,-0.2879165437684488,-0.5174358842329394
Sodium polyphosphate,-0.18845738922088745,-0.5221835199119695,-0.5520294721173432,-0.4616604305341174,-0.26867554287998713,-0.22231806722964143
Curdlan,0.5718741949830927,0.7061598977075023,0.943252919402656,0.8407583765523415,0.573985119198594,0.5312931386170873
Polyvinylpyrrolidone,1.2374627568835144,1.2528487637692862,1.324025634455306,1.0112326111132486,1.2268358093526772,1.143586113906411
Sodium hydroxide,1.3305666490676347,1.1549485372731993,1.2097967267320364,0.9214847406281181,1.212451741437119,1.197440689931794
Sorbic acid,0.7141587310273035,0.8053709919328154,0.747823908228853,0.6428940722244135,0.7011669438518705,0.7474652896060442
Fatty acid esters of ascorbic acid,-0.0006162355485199776,0.11391836932276252,-0.057083686796205145,-0.13605572876250271,0.45172609507483613,-0.06648229616178007
Calcium bromate,-0.7221060164582147,-0.35210709136495905,-0.5520294721173432,-0.7872651323057321,-0.6384968623016296,-0.9904085750728697
Guar gum,0.900942975106499,0.7559945301797473,0.9555820742908985,1.5505470256958862,0.9020471076150283,0.980797427557524
Powdered cellulose,-0.32948837578787066,-0.6029306799322486,-0.9705322375809257,-0.7872651323057321,-0.8718281362297977,-0.47725094164636456
Stannous chloride,0.5051288291943519,0.6677639908203249,0.48794135581166764,-0.27119388993922744,0.6102163853626607,0.6314102874244258
Magnesium carbonate,0.5240530953723251,0.21172615439610523,0.24010806793139172,0.5436319871221417,0.34370025404178817,0.523312010287311
Lactic acid,2.014408246242647,2.2188724028947995,2.296973807395657,3.2575031490077953,2.0285038727352185,2.240915216242878
Benzole peroxide,0.6835260139413422,0.9226157688212299,0.534645194260537,-0.13605572876250271,0.9376296438196341,0.49600322516040357
Black 7984,-0.3397524126287474,-0.35210709136495905,-0.9705322375809257,-0.7872651323057321,-0.4051655883734614,0.0400929734767042
Succistearin,-1.4499261535707086,-1.1045778570668279,-0.9705322375809257,-0.7872651323057321,-1.2416494556514401,-1.226894920492835
Magnesium pyrophosphate,-0.0006162355485199776,-0.2713599313446798,-0.706486390898014,-0.7872651323057321,-0.23320846744543122,-0.2809495388129742
Silver,2.1835541291741833,2.446834354792158,2.3731689653548766,2.3155622613303386,2.056915318309859,2.3889176246848716
Plain caramel,-1.0947557811352802,-0.7070318748913621,-0.9705322375809257,-0.4616604305341174,-1.2416494556514401,-0.7539222296529046
Calcium malates,0.5152853714356926,0.2808617744251498,-0.13352670665376049,-0.13605572876250271,0.5007764605424844,0.4311645900510632
Brown ht,-0.6207036626480372,-0.5221835199119695,-0.9705322375809257,-0.7872651323057321,-1.2416494556514401,-0.7539222296529046
Xanthophylls,1.1681367026349256,1.3553380988367314,1.5314958191401675,1.433417204780506,1.5689233639255475,1.3062680554411363
Adipic acid,0.6784242476101229,0.582943294941984,0.5197045486047328,0.8104415167033205,0.6302198460828213,0.5332595860077307
Synthetic magnesium silicate,-0.28255248308098335,-0.30948589271589627,-0.9705322375809257,-0.7872651323057321,-0.46653974137359927,-0.5174358842329394
Hydroxypropyl cellulose,0.5533223002693722,0.35204374456757304,0.5696181448175038,0.18954897300911197,0.4495187043993717,0.3829515670011797
Thiabendazole,0.9018403802771168,0.9641969200979742,0.8748009277377297,0.24487735242727746,0.6156679356286848,0.769745931427696
Monopotassium tartrate,-1.4499261535707086,-1.1045778570668279,-0.9705322375809257,-0.7872651323057321,-1.2416494556514401,-1.226894920492835
Shellac,0.2959764930686319,0.01395278449021604,0.4441071176261866,-0.13605572876250271,0.34065384527042614,0.20765234315007874
Caramel,0.4890687250392393,0.5963471216450744,0.2069621598867065,0.4524275316295236,0.2983166156309593,0.5891972629645588
Lycopene,1.2126121673833516,1.6339436427295457,1.5134177442019354,1.2827836921554705,1.7059174000229036,1.494541377811218
Beta-carotene,1.5220429713704164,1.9261604022570438,1.6695540380768366,1.499250845185984,1.9757848911170435,1.8124143944333921
Buffered vinegar,-0.7221060164582147,-0.8537542684995382,-0.9705322375809257,-0.031234427434799022,-0.774986907795104,-0.7539222296529046
Lactylated fatty acid esters of glycerol and propane-1,-1.6740137091272762,-1.1045778570668279,-0.9705322375809257,-0.7872651323057321,-1.2416494556514401,-1.226894920492835
ferrous hexacyanomanganate,-1.6740137091272762,-1.1045778570668279,-0.9705322375809257,-0.7872651323057321,-1.2416494556514401,-1.226894920492835
calcium gluconate,0.8213601641844294,-1.1045778570668279,0.6741614673854037,0.2943702743368159,0.6772673317765912,0.9550255803179923
Sodium malates,0.8059099202277826,0.7386565099828856,1.225646018231748,-0.031234427434799022,0.9156271354692207,0.9126263500445894
calcium glycerophosphate,-0.09545265054318068,-0.7070318748913621,-0.4424405442151025,-0.13605572876250271,0.12520071258867427,0.11455621829760033
Glycine,2.1078225276181892,2.3139577230932025,2.244947046286086,2.6954347227682653,2.066694628963803,2.165400801176668
Flavoxanthin,-0.8208328515071216,-0.7070318748913621,-0.9705322375809257,-0.7872651323057321,-0.43445586900741484,-0.9904085750728697
Spermaceti,-0.40929577164785463,-0.8537542684995382,-0.9705322375809257,-0.7872651323057321,-0.8718281362297977,-0.7539222296529046
Sodium stearoyl-2-lactylate,-0.563839968185315,-0.8537542684995382,-0.706486390898014,-0.27119388993922744,-1.2416494556514401,-0.8520729310695998
Hydroxypropyl starch,-0.1917395494435347,-0.5221835199119695,-0.5520294721173432,-0.13605572876250271,-0.30832435993876767,-0.6777906310049805
E543 food additive,-1.0449204070636893,-0.8537542684995382,-0.706486390898014,-0.7872651323057321,-0.8718281362297977,-1.226894920492835
Propane-1‚2-diol alginate,0.09916631961812666,-0.12463753773650373,0.08565114915072067,-0.27119388993922744,0.11338806646527833,0.1973128343850924
Nitrogen,2.450811049336867,2.589718647085481,2.6151542056179036,3.488529237060798,2.427215926874648,2.4553386445805145
Ferrous carbonate,-0.4980184609016471,-0.8537542684995382,-0.706486390898014,-0.7872651323057321,-0.774986907795104,-0.7539222296529046
Tertiary-butylhydroquinone (tbhq),-0.25333221938556244,0.030038185857860167,-0.13352670665376049,-0.7872651323057321,0.2161874304712035,-0.47725094164636456
Brominated vegetable oil,-0.7395854086998518,-0.8537542684995382,-0.9705322375809257,-0.7872651323057321,-1.2416494556514401,-0.8520729310695998
Scarlet GN,-1.2258385980141409,-1.1045778570668279,-0.9705322375809257,-0.7872651323057321,-1.008318181723272,-0.9904085750728697
Distarch phosphate,-0.2782129547689939,-0.6029306799322486,-0.9705322375809257,-0.27119388993922744,-0.43445586900741484,-0.47725094164636456
Copper complexes of chlorophylls and chlorophyllins,-0.40929577164785463,0.07440330088154025,-0.2879836254344315,-0.4616604305341174,0.0084349787225083,-0.2809495388129742
Trisodium citrate,0.49700262026653813,0.364741957890052,0.2069621598867065,0.05441081183238732,0.34065384527042614,0.6163780024236934
Disodium guanylate,-0.7776634869010058,-0.8537542684995382,-0.9705322375809257,-0.7872651323057321,-0.8718281362297977,-0.5174358842329394
Isobutane,0.35333417315572685,0.1261860508307859,-0.5520294721173432,-0.7872651323057321,-0.15809257495209478,0.0400929734767042
sodium lactate,0.6472311173439144,0.5355974221466998,0.5628757098019487,0.4848368149317058,0.5724515134855382,0.7869518129563468
petroleum jelly,0.2748684845814139,0.10122015600028324,0.48794135581166764,-0.13605572876250271,0.2376358220351299,0.4686944400334962
Calcium phosphates,1.4629949431531726,1.4601453661122787,1.5430881769144,0.8960867559705068,1.363179144941114,1.6781614631251238
Sodium diacetate,-0.009880193330189984,-0.6029306799322486,-0.9705322375809257,-0.13605572876250271,-0.18616098175166124,0.03166840525491511
Beta-carotene from blakeslea trispora,-0.17252855153490204,-0.4562082863240725,-0.5520294721173432,-0.7872651323057321,0.1787460040878876,-0.6155865856496346
Azorubine,-0.3345796621928325,-0.5221835199119695,-0.17839469753219098,-0.7872651323057321,-0.5416556338669358,-0.5174358842329394
Benzoic acid,1.4043561410243872,1.5975795788975689,1.5773137796719485,1.646868822008172,1.4756468621147978,1.3761167317928276
Exxx food additive,2.4830872203732337,2.7011326322108613,2.816598058317957,3.3499594294429347,2.530865715413907,2.6515865863306063
Guaiacum,-0.36131306743230923,-0.2713599313446798,-0.2879836254344315,-0.7872651323057321,-0.46653974137359927,-0.37910024022966937
Sodium carboxy methyl cellulose,-0.37265774039398636,-0.4562082863240725,-0.17839469753219098,-0.27119388993922744,-0.2879165437684488,-0.4413042855850152
Glycyrrhizin,0.8276212578609778,1.0996353988593999,1.5330975214308078,0.9795521848828687,1.2522536050417412,0.948121243296259
Potassium alginate,-0.6747105785351766,-1.1045778570668279,-0.5520294721173432,-0.4616604305341174,-0.6998710153017675,-0.9904085750728697
Formic acid,1.5073198092611195,1.513456574289042,1.2769606986386017,1.5967890814232746,1.3405722042921528,1.5000040565447885
Carbonates,1.396933218165343,1.1109193137061504,0.8748009277377297,1.3317034007070772,1.2161057894929304,1.1960383958172056
Glyceryl triacetate,-0.39661610709146955,-0.30948589271589627,-0.09339092114664052,-0.031234427434799022,-0.26867554287998713,-0.5174358842329394
Lecithins,0.9066217125596424,0.8371646732375088,0.9858866655562448,1.0213351142087008,0.9543503927703687,0.9067718706449881
Black iron oxide,-0.5967452959505541,-0.5221835199119695,-0.5520294721173432,-0.7872651323057321,-0.6998710153017675,-0.4413042855850152
Beta-apo-8′-carotenal (c30),-0.8706682255787126,-0.8537542684995382,-0.9705322375809257,-0.7872651323057321,-0.5416556338669358,-1.226894920492835
Malvidin,0.6091222598781942,0.6186716766651822,0.8023364049681696,0.6199749761084304,0.8609516795126979,0.5957902734921678
Mixed acetic and tartaric acid esters of mono- and diglycerides of fatty acids,-1.3188433366918477,-1.1045778570668279,-0.9705322375809257,-0.7872651323057321,-1.2416494556514401,-1.226894920492835
Sodium ethyl p-hydroxybenzoate,-1.0947557811352802,-1.1045778570668279,-0.9705322375809257,-0.7872651323057321,-1.008318181723272,-0.9904085750728697
Monocalcium citrate,-1.4499261535707086,-1.1045778570668279,-0.9705322375809257,-0.7872651323057321,-1.2416494556514401,-0.9904085750728697
Polyvinylpolypyrrolidone,0.13947245629441052,-0.10128350279766943,-0.13352670665376049,0.05441081183238732,0.10732257134225795,-0.1571342852241228
Cochineal,0.09511670501696955,0.01395278449021604,0.47956876309761287,-0.13605572876250271,-0.054585269840280594,-0.11530510968279677
Potassium benzoate,-0.5246052161022624,-0.6029306799322486,-0.706486390898014,-0.7872651323057321,-0.6384968623016296,-0.5174358842329394
Oat lecithin,-0.8447912182046049,-1.1045778570668279,-0.706486390898014,-0.7872651323057321,-1.008318181723272,-0.6777906310049805
Sodium carbonates,-0.5854006229888767,-1.1045778570668279,-0.9705322375809257,-0.27119388993922744,-0.774986907795104,-1.226894920492835
Sorbitan monostearate,0.1199471268052286,0.23028724578989934,0.18924093521679625,-0.27119388993922744,0.06843794501298767,0.04831452016451948
Alginic acid,0.4981760879982174,0.5072809297910453,0.41516122603683275,0.4524275316295236,0.45391910525296736,0.4176775502835632
Magnesium sulphate,0.7788879432602891,0.4577567994183545,0.9226566800778858,-0.27119388993922744,0.6806280173111385,1.1191330715607941
Butylated hydroxyanisole (bha),0.5318864963479207,1.2313128656847396,0.42505626635829624,0.12682282985790874,1.0325171472589325,0.4176775502835632
Methylphenylpolysiloxane,-1.1536985181658492,-1.1045778570668279,-0.9705322375809257,-0.7872651323057321,-1.2416494556514401,-1.226894920492835
Potassium metabisulphite,-0.3904580160417453,-0.7070318748913621,-0.9705322375809257,-0.7872651323057321,-0.46653974137359927,-0.7539222296529046
Gellan gum,0.7345225531878047,0.6308362489126806,0.7912939612684536,0.8104415167033205,0.7614907812673793,0.7269776950018911
Calcium carbonate,1.443314149178519,1.3692042376938796,1.308974288658196,1.5967890814232746,1.2728293922104816,1.493602786633914
Desconocido,0.14995845675892358,0.6595705400905126,0.223895509128756,-0.7872651323057321,-0.5416556338669358,0.28480086558448453
Potassium aluminium silicate,-0.9636729642564194,-1.1045778570668279,-0.9705322375809257,-0.7872651323057321,-1.008318181723272,-1.226894920492835
Inosinic acid,0.10050499650035545,0.14954008576962022,0.034784016436125366,0.05441081183238732,-0.02612106537985427,-0.05529514055636728
Succinic acid,1.2366286646329343,1.314328760079337,1.3031730958316414,1.9105007862247851,1.2246284186772127,1.1760740238444132
iron gluconate,-0.21569791614101802,-0.4562082863240725,0.10874534912195968,-0.7872651323057321,-0.6998710153017675,0.12768005466308185
Potassium sulphate,-0.16943484366683398,-0.5221835199119695,-0.5520294721173432,-0.7872651323057321,-0.35327448139105805,-0.351791455102762
Orthophenyl phenol,-1.1536985181658492,-0.8537542684995382,-0.9705322375809257,-0.7872651323057321,-0.774986907795104,-1.226894920492835
methyl cellulose,0.7837666576530017,0.8286096188185699,0.9036736535468572,0.3800155136040021,0.7735451694993912,0.7832025699763943
Maltitol syrup,-0.9636729642564194,-1.1045778570668279,-0.706486390898014,-0.7872651323057321,-1.008318181723272,-0.6777906310049805
Anthocyanins,1.5121215303147155,1.619444334685083,1.8816139916710548,2.1157871138717796,1.8377097675166356,1.5680383867051475
Polyphosphates,1.122039956886176,1.12416439421351,0.9969291092559608,1.2216914577421216,1.0463372538510254,1.118780797210679
Rice bran wax,-0.21569791614101802,-0.6029306799322486,-0.706486390898014,-0.4616604305341174,-0.30832435993876767,-0.5174358842329394
Calcium silicate,0.9800616074610558,0.778554136814072,1.016033049177491,0.18954897300911197,0.6915939990829593,1.1458726171933744
Canthaxanthin,0.5350371547939613,0.7408697398019354,0.18924093521679625,-0.27119388993922744,1.0077211762968918,0.47105554065238475
Wax ester,0.3010449732230023,-0.23687080407707362,-0.22926183024678634,0.05441081183238732,-0.035344268951818955,0.07935206019584243
Sucroglycerides,-0.9296109626092816,-1.1045778570668279,-0.9705322375809257,-0.7872651323057321,-1.008318181723272,-0.8520729310695998
Gluconic acid,0.8677285880854285,0.9344380817224311,0.8303076910789742,1.1201210225965679,0.8337897044201016,0.8371390909229774
Castor oil,0.9250697951322189,0.9090103336736941,1.2685185219196815,0.9795521848828687,0.9721603462671663,0.8954315881338902
Ascorbyl palmitate,0.2075609312623547,0.33211970637469457,0.3121974674470276,-0.13605572876250271,0.670443600722491,0.18119120486359794
Potassium bromate,0.3484077539405853,1.0362705423072263,0.2069621598867065,-0.4616604305341174,0.4911303600910553,0.36736996989051834
Potassium pectate,-1.2258385980141409,-1.1045778570668279,-0.706486390898014,-0.7872651323057321,-0.8718281362297977,-0.9904085750728697
Dipotassium inosinate,-1.2258385980141409,-1.1045778570668279,-0.706486390898014,-0.7872651323057321,-0.8718281362297977,-1.226894920492835
acetone peroxide,-0.9636729642564194,-1.1045778570668279,-0.9705322375809257,-0.7872651323057321,-1.2416494556514401,-0.9904085750728697
Cyanidin,1.0383293866720997,1.1859072760762517,1.3575556684109071,1.47705388339905,1.3639120559029176,1.1152379026764538
ferric ammonium citrate,0.4561203655719432,0.7643616531754209,0.5197045486047328,0.05441081183238732,0.5709108889575867,0.5858523569786843
Sorbitan trioleate,-0.23396774888675764,-0.30948589271589627,-0.4424405442151025,-0.7872651323057321,-0.3782211421231877,-0.4087865797710257
Stearyl tartrate,-1.3188433366918477,-0.8537542684995382,-0.9705322375809257,-0.7872651323057321,-1.2416494556514401,-0.9904085750728697
Esters of Colophane,-1.6740137091272762,-1.1045778570668279,-0.9705322375809257,-0.7872651323057321,-1.2416494556514401,-1.226894920492835
Tannin,1.1558127218702219,1.0921911191242728,1.260974955938872,1.6415608752664181,1.3088334122963008,1.0699850946339153
Potassium sodium tartrate,-0.43625221242920703,-0.7070318748913621,-0.706486390898014,-0.7872651323057321,-0.6384968623016296,-0.5174358842329394
Potassium bromate,0.3484077539405853,1.0362705423072263,0.2069621598867065,-0.4616604305341174,0.4911303600910553,0.36736996989051834
Sodium silicate,0.5728054198375995,0.01395278449021604,-0.057083686796205145,-0.13605572876250271,0.3916694618457367,0.1078000039028392
Disodium 5'-ribonucleotide,-1.0947557811352802,-1.1045778570668279,-0.9705322375809257,-0.7872651323057321,-0.774986907795104,-1.226894920492835
Diphosphates,1.24405913836714,1.3174812798709041,0.9555820742908985,0.41761543854343625,1.080296484113711,1.2419825320624094
Montanic acid esters,-1.3188433366918477,-1.1045778570668279,-0.706486390898014,-0.7872651323057321,-0.8718281362297977,-1.226894920492835
E15x food additive,2.4830872203732337,2.7011326322108613,2.816598058317957,3.3499594294429347,2.530865715413907,2.6515865863306063
Aluminium potassium sulphate,-0.8987981340917442,-0.8537542684995382,-0.706486390898014,-0.7872651323057321,-1.2416494556514401,-0.9904085750728697
Glycerol,1.9425379672735161,2.0147774851068974,1.9793357567084622,2.275785482556899,2.2739561455380195,1.9501495766542296
Magnesium salts of fatty acids,-1.3188433366918477,-0.8537542684995382,-0.9705322375809257,-0.7872651323057321,-1.008318181723272,-1.226894920492835
Tartrazine,0.5687505957549066,0.547086067945086,1.1312732121696027,0.41761543854343625,0.5889487325261797,0.5686174970087899
Sandalwood,0.24210223619243318,0.34552353307778483,0.47956876309761287,0.05441081183238732,0.18366033766998138,0.33035879603022617
Tripotassium citrate,-0.7395854086998518,-1.1045778570668279,-0.9705322375809257,-0.7872651323057321,-0.8718281362297977,-0.5174358842329394
Sodium sulphates,1.992747514081367,2.2690769501564323,2.6062779540242618,3.126709413159927,2.022596564727807,2.0564315541727454
Acacia gum,0.0711583383194862,0.030038185857860167,0.06106599763403037,0.6428940722244135,0.19798700497634922,0.056342600627828074
Protease,2.2110242320827327,2.6191072618682014,2.6724421449972477,2.645910338530693,2.104967147123265,2.462957737539578
Potassium bisulphite,-0.04984334978851177,0.17147782947832158,-0.17839469753219098,-0.4616604305341174,-0.1321854973865127,0.014168278190323803
Polyvinyl alcohol,1.4410609545474116,1.5543634038990488,1.5787343069870845,1.0112326111132486,1.4387056641478162,1.4733959699572314
Calcium ascorbate,-0.24157492351512574,-0.4562082863240725,-0.4424405442151025,-0.4616604305341174,0.1787460040878876,-0.05529514055636728
Ammonia caramel,-0.6465806700221449,-0.4562082863240725,-0.4424405442151025,-0.4616604305341174,-0.774986907795104,-0.6777906310049805
Potassium fumarate,-1.0947557811352802,-1.1045778570668279,-0.9705322375809257,-0.7872651323057321,-1.2416494556514401,-1.226894920492835
Mineral oil medium and low viscosity class II,-1.3188433366918477,-1.1045778570668279,-0.9705322375809257,-0.7872651323057321,-1.2416494556514401,-1.226894920492835
Fast Green FCF,-0.051977284962845295,-0.12463753773650373,-0.17839469753219098,-0.7872651323057321,-0.2879165437684488,-0.32650746925871565
Fast Yellow AB,-1.1536985181658492,-1.1045778570668279,-0.9705322375809257,-0.7872651323057321,-1.008318181723272,-1.226894920492835
Potassium hydroxide,0.9779439797686544,0.8090447488411474,0.8777886891994554,-0.4616604305341174,0.8208132247359095,1.0477219157766793
Fumaric acid,0.8449077430183499,0.8741050339078128,1.1140616031390107,1.2216914577421216,0.8550284908267074,0.8730052710604307
Sodium aluminium phosphate,-1.0017510424575735,-0.8537542684995382,-0.9705322375809257,-0.7872651323057321,-1.2416494556514401,-0.9904085750728697
Superglycerinated hydrogenated rapeseed oil,0.17530591445668403,-0.10128350279766943,-0.35743676782955225,-0.13605572876250271,0.05440983725770349,-0.004278250806434247
Konjac,0.7101301430080822,0.4327909045878522,0.8269215564848599,1.4732502327503603,0.7667098915762958,0.6070300840367663
Copper sulphate,0.5322380896453554,0.4003636743369097,0.41516122603683275,0.41761543854343625,0.8273639889611766,0.4285094974469213
Magnesium phosphates,-0.2573482959395789,-0.6029306799322486,-0.5520294721173432,-0.7872651323057321,-0.43445586900741484,-0.3029686415817453
Gum ghatti,-0.2782129547689939,-0.4562082863240725,-0.4424405442151025,-0.7872651323057321,-0.21678443589758375,-0.5174358842329394
Disodium tartrate,-0.9636729642564194,-1.1045778570668279,-0.9705322375809257,-0.7872651323057321,-1.008318181723272,-0.9904085750728697
Tricalcium citrate,-0.9636729642564194,-1.1045778570668279,-0.9705322375809257,-0.7872651323057321,-1.2416494556514401,-1.226894920492835
4-hexylresorcinol,-0.14002457702434765,0.11391836932276252,-0.2879836254344315,-0.7872651323057321,-0.035344268951818955,-0.1571342852241228
Xylitol,1.0568815638534608,0.7037231077087491,0.8748009277377297,1.3368373128848634,1.0809758503822002,1.1676271070078508
Sorbitol,1.4156836716588919,1.301436640198303,1.4494233716432376,1.4250286195695214,1.434576681064846,1.4485815101372395
Aluminium sulphate,0.0030162746355450586,-0.35210709136495905,-0.5520294721173432,-0.7872651323057321,-0.25047511738513284,-0.10242895222312942
Sorbitan monolaurate,0.06821931803158474,-0.058662304148606806,-0.057083686796205145,-0.4616604305341174,0.0084349787225083,0.0050696675804930685
Calcium erythorbin,2.682009937634459,3.001008287845772,3.0473763025592624,2.928893558967521,2.6843714849838642,2.9068997563092394
Calcium stearoyl fumarate,-1.6740137091272762,-1.1045778570668279,-0.9705322375809257,-0.7872651323057321,-1.2416494556514401,-1.226894920492835
E414a food additive,-1.6740137091272762,-1.1045778570668279,-0.9705322375809257,-0.7872651323057321,-1.2416494556514401,-1.226894920492835
Curcumin,1.640843727245551,-1.1045778570668279,2.4213178132924096,2.2487318938407546,2.130885625250087,1.923592485120476
saccharin and its salts,-0.1917395494435347,0.030038185857860167,-0.706486390898014,-0.4616604305341174,-0.3782211421231877,-0.4413042855850152
Lactic acid esters of mono- and diglycerides of fatty acids,-1.0947557811352802,-1.1045778570668279,-0.9705322375809257,-0.4616604305341174,-1.2416494556514401,-1.226894920492835
Yellow iron oxide,-0.7776634869010058,-0.8537542684995382,-0.9705322375809257,-0.7872651323057321,-0.6384968623016296,-0.7539222296529046
Phytic acid,1.138182937765222,1.2173933823965426,0.9173287941573964,1.247089442399733,1.1010641355633823,1.247827260483666
Ascorbic acid,1.9292920888596374,2.172029776094236,2.107298334738998,1.796941496892483,2.449174824471545,2.0763124566538984
Cryptoaxanthin,-1.6740137091272762,-1.1045778570668279,-0.9705322375809257,-0.7872651323057321,-1.2416494556514401,-1.226894920492835
Neohesperidine dihydrochalcone,-0.758064152603185,-0.7070318748913621,-0.9705322375809257,-0.7872651323057321,-1.2416494556514401,-0.6155865856496346
Phosphated distarch phosphate,-0.2614148905037183,-0.6029306799322486,-0.9705322375809257,-0.27119388993922744,-0.43445586900741484,-0.47725094164636456
Heptylparaben,-0.7985281457304209,-0.7070318748913621,-0.706486390898014,-0.27119388993922744,-0.8718281362297977,-0.4413042855850152
Monosodium citrate,-0.8987981340917442,-1.1045778570668279,-0.9705322375809257,-0.7872651323057321,-1.008318181723272,-0.8520729310695998
